Method,Feasible,Latency_ms,Stall,RepairAttempted,Repaired,RepairTimeout,CoreSize,Throughput,Energy,HOF,Fairness,Scenario,Size,Load,Mobility,Cells,Seed,AblationConfig
Uncoordinated,False,0.009298324584960938,False,False,False,False,0,13.626524064995012,4.403177194258451e-05,0.03200000002,0.414750297359821,Scale,8,0.6,3.0,10,0,
Static priority,True,0.11539459228515625,False,False,False,False,0,13.87674874549075,4.208478590417448e-05,0.028000000020000002,0.42541640368107847,Scale,8,0.6,3.0,10,0,
Continuous only,True,18.91303062438965,False,False,False,False,0,13.177761936337173,4.249583523404088e-05,0.024000000020000002,0.40527177248219104,Scale,8,0.6,3.0,10,0,
CP-SAT,True,8.481264114379883,False,False,False,False,0,13.334583226445668,4.199606320573905e-05,0.03200000002,0.40275418911116595,Scale,8,0.6,3.0,10,0,
VeriXApp,True,18.848657608032227,False,False,False,False,0,13.177761936337173,4.249583523404088e-05,0.024000000020000002,0.40527177248219104,Scale,8,0.6,3.0,10,0,
Uncoordinated,False,0.0069141387939453125,False,False,False,False,0,7.806507020661623,7.378460026686589e-05,0.03200000002,0.29326114475974585,Scale,8,0.6,3.0,10,1,
Static priority,True,0.10752677917480469,False,False,False,False,0,7.71810124350739,7.566627873549491e-05,0.03200000002,0.29109628256922154,Scale,8,0.6,3.0,10,1,
Continuous only,True,17.678260803222656,False,False,False,False,0,7.71810124350739,7.566627873549491e-05,0.03200000002,0.29109628256922154,Scale,8,0.6,3.0,10,1,
CP-SAT,True,5.638360977172852,False,False,False,False,0,7.71810124350739,7.566627873549491e-05,0.03200000002,0.29109628256922154,Scale,8,0.6,3.0,10,1,
VeriXApp,True,17.517805099487305,False,False,False,False,0,7.71810124350739,7.566627873549491e-05,0.03200000002,0.29109628256922154,Scale,8,0.6,3.0,10,1,
Uncoordinated,False,0.0133514404296875,False,False,False,False,0,11.798442800975506,4.882000190333387e-05,0.028000000020000002,0.5654184822700905,Scale,8,0.6,3.0,10,2,
Static priority,False,0.08344650268554688,False,False,False,False,0,12.28194705620857,4.754946404892584e-05,0.028000000020000002,0.5472333277818329,Scale,8,0.6,3.0,10,2,
Continuous only,True,31.091928482055664,False,False,False,False,0,11.134243276553034,5.029529049174558e-05,0.03200000002,0.5081536038032213,Scale,8,0.6,3.0,10,2,
CP-SAT,True,5.456447601318359,False,False,False,False,0,11.164009521871158,5.159436660024085e-05,0.03200000002,0.5159231808038389,Scale,8,0.6,3.0,10,2,
VeriXApp,True,29.562711715698242,False,False,False,False,0,11.134243276553034,5.029529049174558e-05,0.03200000002,0.5081536038032213,Scale,8,0.6,3.0,10,2,
Uncoordinated,False,0.0073909759521484375,False,False,False,False,0,16.068766790173303,3.6343797108135236e-05,0.024000000020000002,0.6308484816266332,Scale,8,0.6,3.0,10,3,
Static priority,False,0.09584426879882812,False,False,False,False,0,16.165376159943346,3.513682542120261e-05,0.028000000020000002,0.6238247623538409,Scale,8,0.6,3.0,10,3,
Continuous only,False,15.9759521484375,True,False,False,False,0,15.153510564804003,3.6427202636601694e-05,0.03200000002,0.5445864290944137,Scale,8,0.6,3.0,10,3,
CP-SAT,True,3.789663314819336,False,False,False,False,0,16.31437427984443,3.481592307844345e-05,0.024000000020000002,0.6378379539266242,Scale,8,0.6,3.0,10,3,
VeriXApp,True,20.2786922454834,True,True,True,False,4,16.52265165604553,3.3408681093753305e-05,0.028000000020000002,0.6204798636766979,Scale,8,0.6,3.0,10,3,
Uncoordinated,True,0.008344650268554688,False,False,False,False,0,13.597941011549672,4.23593542221402e-05,0.028000000020000002,0.5126325097700316,Scale,8,0.6,3.0,10,4,
Static priority,True,0.09918212890625,False,False,False,False,0,13.597941011549672,4.23593542221402e-05,0.028000000020000002,0.5126325097700316,Scale,8,0.6,3.0,10,4,
Continuous only,False,22.76444435119629,True,False,False,False,0,12.293246295588288,4.4902704031733084e-05,0.028000000020000002,0.5074194571438072,Scale,8,0.6,3.0,10,4,
CP-SAT,True,4.3926239013671875,False,False,False,False,0,13.597941011549672,4.23593542221402e-05,0.028000000020000002,0.5126325097700316,Scale,8,0.6,3.0,10,4,
VeriXApp,True,26.311397552490234,True,True,True,False,2,12.293246295588288,4.4902704031733084e-05,0.028000000020000002,0.5074194571438072,Scale,8,0.6,3.0,10,4,
Uncoordinated,False,0.010013580322265625,False,False,False,False,0,10.969920474562556,5.177795056191143e-05,0.028000000020000002,0.507774392620817,Scale,8,0.6,3.0,10,5,
Static priority,False,0.10919570922851562,False,False,False,False,0,11.15700388340837,5.0909725042282665e-05,0.028000000020000002,0.5296138511218657,Scale,8,0.6,3.0,10,5,
Continuous only,False,20.603656768798828,True,False,False,False,0,10.340164734656671,5.4157744520556124e-05,0.03200000002,0.4737533975387815,Scale,8,0.6,3.0,10,5,
CP-SAT,True,4.500865936279297,False,False,False,False,0,11.314363292551867,5.020167598594865e-05,0.024000000020000002,0.5380558086705545,Scale,8,0.6,3.0,10,5,
VeriXApp,True,24.62029457092285,True,True,True,False,2,10.815994260259444,5.177517540459265e-05,0.028000000020000002,0.5006389421321781,Scale,8,0.6,3.0,10,5,
Uncoordinated,False,0.0073909759521484375,False,False,False,False,0,14.307179880118202,4.081866621468487e-05,0.024000000020000002,0.5078123983524918,Scale,8,0.6,3.0,10,6,
Static priority,False,0.13518333435058594,False,False,False,False,0,14.227874767219582,4.1046186416084514e-05,0.024000000020000002,0.5029099308418046,Scale,8,0.6,3.0,10,6,
Continuous only,False,53.42364311218262,True,False,False,False,0,14.297748341068257,4.084559233166405e-05,0.03200000002,0.5009975978468842,Scale,8,0.6,3.0,10,6,
CP-SAT,True,4.314184188842773,False,False,False,False,0,14.923388712414715,3.913320300463476e-05,0.028000000020000002,0.5323721486631117,Scale,8,0.6,3.0,10,6,
VeriXApp,True,55.289506912231445,True,True,True,False,2,14.56929777288421,4.008429294972042e-05,0.028000000020000002,0.5164826424713472,Scale,8,0.6,3.0,10,6,
Uncoordinated,False,0.007152557373046875,False,False,False,False,0,15.010713724485901,3.943849778670503e-05,0.03200000002,0.4479833893263249,Scale,8,0.6,3.0,10,7,
Static priority,False,0.07772445678710938,False,False,False,False,0,14.335306866066071,4.073857681989494e-05,0.03200000002,0.47778404239408184,Scale,8,0.6,3.0,10,7,
Continuous only,True,17.31562614440918,False,False,False,False,0,14.470190023864212,4.035883419891986e-05,0.03200000002,0.4806350887041796,Scale,8,0.6,3.0,10,7,
CP-SAT,True,3.815174102783203,False,False,False,False,0,15.869046033056412,3.73053300599683e-05,0.028000000020000002,0.49153764901416147,Scale,8,0.6,3.0,10,7,
VeriXApp,True,17.317533493041992,False,False,False,False,0,14.470190023864212,4.035883419891986e-05,0.03200000002,0.4806350887041796,Scale,8,0.6,3.0,10,7,
Uncoordinated,False,0.0073909759521484375,False,False,False,False,0,13.037860627792709,4.5406222454782045e-05,0.03200000002,0.3710332014149283,Scale,8,0.6,3.0,10,8,
Static priority,False,0.10609626770019531,False,False,False,False,0,12.592385038412944,4.70125395780156e-05,0.028000000020000002,0.3696902711542134,Scale,8,0.6,3.0,10,8,
Continuous only,True,15.328645706176758,False,False,False,False,0,12.838346018941046,4.361932597655527e-05,0.028000000020000002,0.38774100540690465,Scale,8,0.6,3.0,10,8,
CP-SAT,True,5.095005035400391,False,False,False,False,0,13.57462783222615,4.18427677738294e-05,0.024000000020000002,0.4124269702094728,Scale,8,0.6,3.0,10,8,
VeriXApp,True,15.452146530151367,False,False,False,False,0,12.838346018941046,4.361932597655527e-05,0.028000000020000002,0.38774100540690465,Scale,8,0.6,3.0,10,8,
Uncoordinated,False,0.0073909759521484375,False,False,False,False,0,15.757104478321555,3.807806191965492e-05,0.03200000002,0.5183465214905207,Scale,8,0.6,3.0,10,9,
Static priority,False,0.08225440979003906,False,False,False,False,0,14.577000014347036,4.116073262052998e-05,0.03200000002,0.5462211809517707,Scale,8,0.6,3.0,10,9,
Continuous only,True,30.979394912719727,False,False,False,False,0,16.450300755268078,3.404193080303802e-05,0.028000000020000002,0.5642554166341722,Scale,8,0.6,3.0,10,9,
CP-SAT,True,5.1097869873046875,False,False,False,False,0,14.597076219890475,4.1104121877668864e-05,0.03200000002,0.5017340906512259,Scale,8,0.6,3.0,10,9,
VeriXApp,True,31.414031982421875,False,False,False,False,0,16.450300755268078,3.404193080303802e-05,0.028000000020000002,0.5642554166341722,Scale,8,0.6,3.0,10,9,
Uncoordinated,False,0.007867813110351562,False,False,False,False,0,15.668493947531342,3.625109100479255e-05,0.03200000002,0.558699041207427,Scale,8,0.6,3.0,10,10,
Static priority,False,0.09584426879882812,False,False,False,False,0,15.696236755942614,3.5677341563287986e-05,0.03200000002,0.5568246762746553,Scale,8,0.6,3.0,10,10,
Continuous only,False,25.782108306884766,True,False,False,False,0,16.086378186994775,3.431474714714037e-05,0.028000000020000002,0.5730186651386064,Scale,8,0.6,3.0,10,10,
CP-SAT,True,3.5097599029541016,False,False,False,False,0,15.604064125592522,3.6400773249092994e-05,0.028000000020000002,0.5514337574639924,Scale,8,0.6,3.0,10,10,
VeriXApp,True,29.48760986328125,True,True,True,False,2,16.043594484525737,3.4406254816052064e-05,0.028000000020000002,0.5680510565413688,Scale,8,0.6,3.0,10,10,
Uncoordinated,False,0.0073909759521484375,False,False,False,False,0,10.191666042308212,5.887163075293545e-05,0.028000000020000002,0.6066332514882486,Scale,8,0.6,3.0,10,11,
Static priority,False,0.0629425048828125,False,False,False,False,0,12.014552509468222,4.8607719641640526e-05,0.024000000020000002,0.6524431063606192,Scale,8,0.6,3.0,10,11,
Continuous only,False,21.732807159423828,True,False,False,False,0,10.279593271509857,5.603334536556014e-05,0.028000000020000002,0.5849440035495619,Scale,8,0.6,3.0,10,11,
CP-SAT,True,4.368066787719727,False,False,False,False,0,11.529088881853697,4.857278885944027e-05,0.028000000020000002,0.6348745786696918,Scale,8,0.6,3.0,10,11,
VeriXApp,True,24.573564529418945,True,True,True,False,4,11.470445975283528,4.882111830757808e-05,0.024000000020000002,0.6458797748169323,Scale,8,0.6,3.0,10,11,
Uncoordinated,False,0.00762939453125,False,False,False,False,0,15.852685900046335,3.5829890504443783e-05,0.03200000002,0.4313002651642173,Scale,8,0.6,3.0,10,12,
Static priority,True,0.10752677917480469,False,False,False,False,0,16.404460065131367,3.462472996641425e-05,0.03200000002,0.44288559665362903,Scale,8,0.6,3.0,10,12,
Continuous only,False,28.835058212280273,True,False,False,False,0,16.67224327450871,3.310892187159896e-05,0.028000000020000002,0.45184139383184657,Scale,8,0.6,3.0,10,12,
CP-SAT,True,4.932403564453125,False,False,False,False,0,16.404460065131367,3.462472996641425e-05,0.03200000002,0.44288559665362903,Scale,8,0.6,3.0,10,12,
VeriXApp,True,34.2717170715332,True,True,True,False,7,16.404460065131367,3.462472996641425e-05,0.03200000002,0.44288559665362903,Scale,8,0.6,3.0,10,12,
Uncoordinated,False,0.0073909759521484375,False,False,False,False,0,15.022699473245854,3.834197715435943e-05,0.028000000020000002,0.49741058083104234,Scale,8,0.6,3.0,10,13,
Static priority,False,0.07987022399902344,False,False,False,False,0,14.298105058179958,4.1963602698298784e-05,0.03200000002,0.4769276520544392,Scale,8,0.6,3.0,10,13,
Continuous only,True,19.535541534423828,False,False,False,False,0,14.743685591011838,3.852496694220533e-05,0.028000000020000002,0.49605132676013325,Scale,8,0.6,3.0,10,13,
CP-SAT,True,3.455638885498047,False,False,False,False,0,15.050159124337563,3.774046475571737e-05,0.028000000020000002,0.5112502752087605,Scale,8,0.6,3.0,10,13,
VeriXApp,True,18.954038619995117,False,False,False,False,0,14.743685591011838,3.852496694220533e-05,0.028000000020000002,0.49605132676013325,Scale,8,0.6,3.0,10,13,
Uncoordinated,False,0.00762939453125,False,False,False,False,0,11.458480493289606,5.0966618160410195e-05,0.028000000020000002,0.4641090505913924,Scale,8,0.6,3.0,10,14,
Static priority,False,0.09202957153320312,False,False,False,False,0,11.92531971758977,4.8971433372859906e-05,0.028000000020000002,0.48672126996278076,Scale,8,0.6,3.0,10,14,
Continuous only,True,19.826889038085938,False,False,False,False,0,10.94228607522623,5.26398227975493e-05,0.03200000002,0.5024551257943529,Scale,8,0.6,3.0,10,14,
CP-SAT,True,4.349470138549805,False,False,False,False,0,11.6331938300778,4.951348773289956e-05,0.028000000020000002,0.50843978400301,Scale,8,0.6,3.0,10,14,
VeriXApp,True,19.919872283935547,False,False,False,False,0,10.94228607522623,5.26398227975493e-05,0.03200000002,0.5024551257943529,Scale,8,0.6,3.0,10,14,
Uncoordinated,False,0.0073909759521484375,False,False,False,False,0,13.156617994969995,4.256413009894319e-05,0.024000000020000002,0.509993431956178,Scale,8,0.6,3.0,10,15,
Static priority,True,0.12445449829101562,False,False,False,False,0,13.389094531020774,4.3020086135435344e-05,0.024000000020000002,0.536501788717805,Scale,8,0.6,3.0,10,15,
Continuous only,True,18.796682357788086,False,False,False,False,0,13.064975181265787,4.592431226814391e-05,0.028000000020000002,0.5357523244394821,Scale,8,0.6,3.0,10,15,
CP-SAT,True,2.61688232421875,False,False,False,False,0,13.389094531020774,4.3020086135435344e-05,0.024000000020000002,0.536501788717805,Scale,8,0.6,3.0,10,15,
VeriXApp,True,18.529415130615234,False,False,False,False,0,13.064975181265787,4.592431226814391e-05,0.028000000020000002,0.5357523244394821,Scale,8,0.6,3.0,10,15,
Uncoordinated,False,0.009775161743164062,False,False,False,False,0,12.478796355039224,4.615829793290905e-05,0.028000000020000002,0.43219773981539467,Scale,8,0.6,3.0,10,16,
Static priority,True,0.10991096496582031,False,False,False,False,0,11.912837002726398,4.633656952358771e-05,0.028000000020000002,0.45065440886115576,Scale,8,0.6,3.0,10,16,
Continuous only,True,32.10616111755371,False,False,False,False,0,12.245814315261077,4.899633332282878e-05,0.03200000002,0.43453326573772816,Scale,8,0.6,3.0,10,16,
CP-SAT,True,3.8747787475585938,False,False,False,False,0,12.487605022604042,4.612573819858747e-05,0.028000000020000002,0.4321426071256876,Scale,8,0.6,3.0,10,16,
VeriXApp,True,32.408714294433594,False,False,False,False,0,12.245814315261077,4.899633332282878e-05,0.03200000002,0.43453326573772816,Scale,8,0.6,3.0,10,16,
Uncoordinated,False,0.009775161743164062,False,False,False,False,0,16.021967200607254,3.694927049766788e-05,0.028000000020000002,0.5653528740038168,Scale,8,0.6,3.0,10,17,
Static priority,False,0.09846687316894531,False,False,False,False,0,15.452056939326178,3.83120514197261e-05,0.028000000020000002,0.5407516958212253,Scale,8,0.6,3.0,10,17,
Continuous only,True,17.033100128173828,False,False,False,False,0,15.973417845723965,3.605990937964435e-05,0.03200000002,0.5679054307673526,Scale,8,0.6,3.0,10,17,
CP-SAT,True,4.042625427246094,False,False,False,False,0,15.179600120710427,3.794566361561324e-05,0.03200000002,0.5649959681693286,Scale,8,0.6,3.0,10,17,
VeriXApp,True,17.17066764831543,False,False,False,False,0,15.973417845723965,3.605990937964435e-05,0.03200000002,0.5679054307673526,Scale,8,0.6,3.0,10,17,
Uncoordinated,False,0.00762939453125,False,False,False,False,0,15.90198183407878,3.6221900264381e-05,0.024000000020000002,0.5759785938461357,Scale,8,0.6,3.0,10,18,
Static priority,False,0.10752677917480469,False,False,False,False,0,15.627726178290427,3.7369479944643226e-05,0.028000000020000002,0.5667067009412713,Scale,8,0.6,3.0,10,18,
Continuous only,True,27.81534194946289,False,False,False,False,0,13.517929129610243,4.2610076919127006e-05,0.028000000020000002,0.5204844277224717,Scale,8,0.6,3.0,10,18,
CP-SAT,True,3.894805908203125,False,False,False,False,0,13.965707639204458,4.0098218756060095e-05,0.028000000020000002,0.5352376422378073,Scale,8,0.6,3.0,10,18,
VeriXApp,True,27.9083251953125,False,False,False,False,0,13.517929129610243,4.2610076919127006e-05,0.028000000020000002,0.5204844277224717,Scale,8,0.6,3.0,10,18,
Uncoordinated,False,0.00762939453125,False,False,False,False,0,12.622467105860014,4.6900498534487165e-05,0.03200000002,0.6130354275499057,Scale,8,0.6,3.0,10,19,
Static priority,False,0.10633468627929688,False,False,False,False,0,11.689899634891244,4.722025143418911e-05,0.028000000020000002,0.5633216225130745,Scale,8,0.6,3.0,10,19,
Continuous only,True,11.012792587280273,False,False,False,False,0,13.336818448606214,4.3788554388024374e-05,0.03200000002,0.6550748411629304,Scale,8,0.6,3.0,10,19,
CP-SAT,True,4.018306732177734,False,False,False,False,0,13.503732251342486,4.32473029774373e-05,0.028000000020000002,0.6674303048613366,Scale,8,0.6,3.0,10,19,
VeriXApp,True,11.077404022216797,False,False,False,False,0,13.336818448606214,4.3788554388024374e-05,0.03200000002,0.6550748411629304,Scale,8,0.6,3.0,10,19,
Uncoordinated,False,0.012159347534179688,False,False,False,False,0,11.73497029722415,4.840233810684273e-05,0.04000000002,0.3971531447152909,Scale,16,0.6,3.0,10,0,
Static priority,False,0.3383159637451172,False,False,False,False,0,11.519376960288703,4.8613740303014186e-05,0.04000000002,0.3930061952957563,Scale,16,0.6,3.0,10,0,
Continuous only,True,103.26170921325684,False,False,False,False,0,11.883737408966047,4.7123222327135146e-05,0.03200000002,0.3794970774335429,Scale,16,0.6,3.0,10,0,
CP-SAT,True,6.517887115478516,False,False,False,False,0,12.031092219056728,4.52161773923009e-05,0.03200000002,0.40873657825686266,Scale,16,0.6,3.0,10,0,
VeriXApp,True,102.87642478942871,False,False,False,False,0,11.883737408966047,4.7123222327135146e-05,0.03200000002,0.3794970774335429,Scale,16,0.6,3.0,10,0,
Uncoordinated,False,0.011920928955078125,False,False,False,False,0,7.277678826473386,7.474910791901643e-05,0.04000000002,0.2752275673302797,Scale,16,0.6,3.0,10,1,
Static priority,False,0.3287792205810547,False,False,False,False,0,7.310948948355909,7.440894524675009e-05,0.04000000002,0.27777876547831376,Scale,16,0.6,3.0,10,1,
Continuous only,False,51.07712745666504,True,False,False,False,0,6.740169112723529,8.071014108133907e-05,0.04000000002,0.23768672445711309,Scale,16,0.6,3.0,10,1,
CP-SAT,True,5.577802658081055,False,False,False,False,0,8.64214987690274,6.387299547711978e-05,0.04400000002,0.334570428576978,Scale,16,0.6,3.0,10,1,
VeriXApp,True,52.883148193359375,True,True,True,False,2,7.00679102006948,7.878071408422372e-05,0.04000000002,0.24894316003827444,Scale,16,0.6,3.0,10,1,
Uncoordinated,False,0.012159347534179688,False,False,False,False,0,11.132336905692444,5.1741157753271585e-05,0.036000000020000006,0.5163671373502231,Scale,16,0.6,3.0,10,2,
Static priority,False,0.3833770751953125,False,False,False,False,0,11.262793765300252,5.114184029317921e-05,0.036000000020000006,0.5639820750886817,Scale,16,0.6,3.0,10,2,
Continuous only,True,36.44704818725586,False,False,False,False,0,11.207464269625097,4.9966699560910816e-05,0.02800000002,0.5598811945075391,Scale,16,0.6,3.0,10,2,
CP-SAT,True,3.9129257202148438,False,False,False,False,0,11.36706258908636,4.926514617221005e-05,0.03200000002,0.5587115546365359,Scale,16,0.6,3.0,10,2,
VeriXApp,True,36.20195388793945,False,False,False,False,0,11.207464269625097,4.9966699560910816e-05,0.02800000002,0.5598811945075391,Scale,16,0.6,3.0,10,2,
Uncoordinated,False,0.01239776611328125,False,False,False,False,0,14.274220746732588,3.8671112755934814e-05,0.03200000002,0.6194372561517694,Scale,16,0.6,3.0,10,3,
Static priority,False,0.3380775451660156,False,False,False,False,0,13.005324766916235,4.1829020785690906e-05,0.036000000020000006,0.5874335355193994,Scale,16,0.6,3.0,10,3,
Continuous only,True,55.860280990600586,False,False,False,False,0,14.165889800754718,3.953157958140863e-05,0.04000000002,0.6038032129984426,Scale,16,0.6,3.0,10,3,
CP-SAT,True,6.14166259765625,False,False,False,False,0,15.63815546622635,3.427514204968717e-05,0.03200000002,0.6223388908188037,Scale,16,0.6,3.0,10,3,
VeriXApp,True,56.31875991821289,False,False,False,False,0,14.165889800754718,3.953157958140863e-05,0.04000000002,0.6038032129984426,Scale,16,0.6,3.0,10,3,
Uncoordinated,False,0.015497207641601562,False,False,False,False,0,12.588337614985734,4.448561971624834e-05,0.04000000002,0.4771778657392182,Scale,16,0.6,3.0,10,4,
Static priority,False,0.34689903259277344,False,False,False,False,0,12.131967696981233,4.549962658879753e-05,0.036000000020000006,0.541037598081862,Scale,16,0.6,3.0,10,4,
Continuous only,True,43.62773895263672,False,False,False,False,0,10.33522076225454,5.49577036684503e-05,0.036000000020000006,0.48002915217227177,Scale,16,0.6,3.0,10,4,
CP-SAT,True,7.594823837280273,False,False,False,False,0,11.783500081220534,4.82029953820959e-05,0.04000000002,0.4810431364675516,Scale,16,0.6,3.0,10,4,
VeriXApp,True,43.20478439331055,False,False,False,False,0,10.33522076225454,5.49577036684503e-05,0.036000000020000006,0.48002915217227177,Scale,16,0.6,3.0,10,4,
Uncoordinated,False,0.013113021850585938,False,False,False,False,0,9.393798038003023,6.046542598660637e-05,0.04000000002,0.46618058166488535,Scale,16,0.6,3.0,10,5,
Static priority,False,0.331878662109375,False,False,False,False,0,10.346287191746734,5.335247222214478e-05,0.028000000020000002,0.5272313123493085,Scale,16,0.6,3.0,10,5,
Continuous only,True,81.76064491271973,False,False,False,False,0,7.553087414867801,7.414186666205842e-05,0.04400000002,0.3844903512270345,Scale,16,0.6,3.0,10,5,
CP-SAT,True,6.936073303222656,False,False,False,False,0,9.824337636230078,5.700129827937087e-05,0.04000000002,0.47239214022615383,Scale,16,0.6,3.0,10,5,
VeriXApp,True,82.95416831970215,False,False,False,False,0,7.553087414867801,7.414186666205842e-05,0.04400000002,0.3844903512270345,Scale,16,0.6,3.0,10,5,
Uncoordinated,False,0.012636184692382812,False,False,False,False,0,12.943112480508391,4.326625460787186e-05,0.03200000002,0.4676047342025441,Scale,16,0.6,3.0,10,6,
Static priority,False,0.25153160095214844,False,False,False,False,0,12.093278186728764,4.56451916078279e-05,0.036000000020000006,0.4364504545490953,Scale,16,0.6,3.0,10,6,
Continuous only,True,43.94674301147461,False,False,False,False,0,11.612960847292099,4.408867012751427e-05,0.04400000002,0.41855185741458906,Scale,16,0.6,3.0,10,6,
CP-SAT,True,6.105899810791016,False,False,False,False,0,11.684760826658687,4.8610323174447236e-05,0.04000000002,0.4187528408210708,Scale,16,0.6,3.0,10,6,
VeriXApp,True,44.65794563293457,False,False,False,False,0,11.612960847292099,4.408867012751427e-05,0.04400000002,0.41855185741458906,Scale,16,0.6,3.0,10,6,
Uncoordinated,False,0.015974044799804688,False,False,False,False,0,12.349377055070592,4.728983473382672e-05,0.04400000002,0.4104831651987087,Scale,16,0.6,3.0,10,7,
Static priority,False,0.186920166015625,False,False,False,False,0,13.705427527305185,3.910859394441601e-05,0.036000000020000006,0.4528525689879811,Scale,16,0.6,3.0,10,7,
Continuous only,True,52.98590660095215,False,False,False,False,0,13.374680008298775,4.007572515136217e-05,0.04400000002,0.4281849364028912,Scale,16,0.6,3.0,10,7,
CP-SAT,True,6.035566329956055,False,False,False,False,0,13.47304931788137,4.275201451504638e-05,0.04000000002,0.43998809465164623,Scale,16,0.6,3.0,10,7,
VeriXApp,True,52.611589431762695,False,False,False,False,0,13.374680008298775,4.007572515136217e-05,0.04400000002,0.4281849364028912,Scale,16,0.6,3.0,10,7,
Uncoordinated,False,0.011682510375976562,False,False,False,False,0,11.47777660461859,4.878993722309069e-05,0.04400000002,0.34166471240828045,Scale,16,0.6,3.0,10,8,
Static priority,False,0.2377033233642578,False,False,False,False,0,12.71822842038881,4.340227127192332e-05,0.04000000002,0.3933505813103946,Scale,16,0.6,3.0,10,8,
Continuous only,True,81.25662803649902,False,False,False,False,0,11.957056785270035,4.41580239587426e-05,0.036000000020000006,0.37274065435912934,Scale,16,0.6,3.0,10,8,
CP-SAT,True,6.143331527709961,False,False,False,False,0,12.049356134975573,4.647551236156862e-05,0.036000000020000006,0.37222998958583087,Scale,16,0.6,3.0,10,8,
VeriXApp,True,81.20131492614746,False,False,False,False,0,11.957056785270035,4.41580239587426e-05,0.036000000020000006,0.37274065435912934,Scale,16,0.6,3.0,10,8,
Uncoordinated,False,0.011682510375976562,False,False,False,False,0,14.227016017418293,4.161097444996251e-05,0.036000000020000006,0.4526264929434879,Scale,16,0.6,3.0,10,9,
Static priority,True,0.4093647003173828,False,False,False,False,0,12.915676180301384,4.5835772880625585e-05,0.04000000002,0.3954656865637184,Scale,16,0.6,3.0,10,9,
Continuous only,True,52.44135856628418,False,False,False,False,0,13.59615472376013,4.177651781259774e-05,0.04400000002,0.5141810447616522,Scale,16,0.6,3.0,10,9,
CP-SAT,True,5.733966827392578,False,False,False,False,0,12.915676180301384,4.5835772880625585e-05,0.04000000002,0.3954656865637184,Scale,16,0.6,3.0,10,9,
VeriXApp,True,52.69646644592285,False,False,False,False,0,13.59615472376013,4.177651781259774e-05,0.04400000002,0.5141810447616522,Scale,16,0.6,3.0,10,9,
Uncoordinated,False,0.01239776611328125,False,False,False,False,0,14.713862255978972,3.6971937791448726e-05,0.036000000020000006,0.5490488952293594,Scale,16,0.6,3.0,10,10,
Static priority,False,0.2503395080566406,False,False,False,False,0,13.558162686816724,4.0123430627437316e-05,0.04000000002,0.5090315426593344,Scale,16,0.6,3.0,10,10,
Continuous only,True,50.90498924255371,False,False,False,False,0,11.343918822208254,4.795520917647952e-05,0.036000000020000006,0.4573467589048488,Scale,16,0.6,3.0,10,10,
CP-SAT,True,5.860090255737305,False,False,False,False,0,13.358039324672283,4.132342977763635e-05,0.036000000020000006,0.4705380003614578,Scale,16,0.6,3.0,10,10,
VeriXApp,True,50.34375190734863,False,False,False,False,0,11.343918822208254,4.795520917647952e-05,0.036000000020000006,0.4573467589048488,Scale,16,0.6,3.0,10,10,
Uncoordinated,False,0.011920928955078125,False,False,False,False,0,11.014219766084961,5.156969917642177e-05,0.036000000020000006,0.6247330263453538,Scale,16,0.6,3.0,10,11,
Static priority,False,0.3287792205810547,False,False,False,False,0,8.979596105180011,6.50363327213694e-05,0.036000000020000006,0.5941556861843567,Scale,16,0.6,3.0,10,11,
Continuous only,True,37.19592094421387,False,False,False,False,0,8.725782936268876,6.142715260221592e-05,0.04000000002,0.5411980709162127,Scale,16,0.6,3.0,10,11,
CP-SAT,True,5.652189254760742,False,False,False,False,0,9.565385023852826,5.8544428541407364e-05,0.04000000002,0.6219175607983336,Scale,16,0.6,3.0,10,11,
VeriXApp,True,37.23907470703125,False,False,False,False,0,8.725782936268876,6.142715260221592e-05,0.04000000002,0.5411980709162127,Scale,16,0.6,3.0,10,11,
Uncoordinated,False,0.012159347534179688,False,False,False,False,0,14.532941799142716,3.688172755440458e-05,0.04400000002,0.3960928447043677,Scale,16,0.6,3.0,10,12,
Static priority,False,0.17142295837402344,False,False,False,False,0,14.336897478730812,3.7944053154250364e-05,0.036000000020000006,0.3835919992983434,Scale,16,0.6,3.0,10,12,
Continuous only,True,45.215606689453125,False,False,False,False,0,14.725538270251135,3.857244397968707e-05,0.036000000020000006,0.39358650216903673,Scale,16,0.6,3.0,10,12,
CP-SAT,True,5.136251449584961,False,False,False,False,0,13.870416477289677,3.9796930460148847e-05,0.04400000002,0.37334807471959724,Scale,16,0.6,3.0,10,12,
VeriXApp,True,44.667720794677734,False,False,False,False,0,14.725538270251135,3.857244397968707e-05,0.036000000020000006,0.39358650216903673,Scale,16,0.6,3.0,10,12,
Uncoordinated,False,0.015020370483398438,False,False,False,False,0,14.35253035359758,3.8460117233727826e-05,0.03200000002,0.4519960262379582,Scale,16,0.6,3.0,10,13,
Static priority,False,0.286102294921875,False,False,False,False,0,14.179757048761974,3.8928734681543416e-05,0.036000000020000006,0.4362230847811372,Scale,16,0.6,3.0,10,13,
Continuous only,True,53.38597297668457,False,False,False,False,0,13.87520981261595,4.0936317913084776e-05,0.04000000002,0.430597693749064,Scale,16,0.6,3.0,10,13,
CP-SAT,True,6.229400634765625,False,False,False,False,0,14.818844742054027,3.617016098960124e-05,0.03200000002,0.45615642224871433,Scale,16,0.6,3.0,10,13,
VeriXApp,True,54.299116134643555,False,False,False,False,0,13.87520981261595,4.0936317913084776e-05,0.04000000002,0.430597693749064,Scale,16,0.6,3.0,10,13,
Uncoordinated,False,0.011444091796875,False,False,False,False,0,8.985727567219099,6.321135331012317e-05,0.036000000020000006,0.367863726027601,Scale,16,0.6,3.0,10,14,
Static priority,False,0.2541542053222656,False,False,False,False,0,10.405939843100297,5.2277834410190405e-05,0.04400000002,0.39475234387784713,Scale,16,0.6,3.0,10,14,
Continuous only,True,40.47060012817383,False,False,False,False,0,9.535033775931748,5.789177185647247e-05,0.04400000002,0.4665309610299123,Scale,16,0.6,3.0,10,14,
CP-SAT,True,5.937337875366211,False,False,False,False,0,11.227821061743409,4.845107496890674e-05,0.04000000002,0.45284695484030796,Scale,16,0.6,3.0,10,14,
VeriXApp,True,41.4433479309082,False,False,False,False,0,9.535033775931748,5.789177185647247e-05,0.04400000002,0.4665309610299123,Scale,16,0.6,3.0,10,14,
Uncoordinated,False,0.01239776611328125,False,False,False,False,0,12.078044713173306,4.305332629153503e-05,0.028000000020000002,0.4861756519508558,Scale,16,0.6,3.0,10,15,
Static priority,False,0.23937225341796875,False,False,False,False,0,12.350647656067824,4.210305519844751e-05,0.036000000020000006,0.4990001579403793,Scale,16,0.6,3.0,10,15,
Continuous only,True,121.42372131347656,False,False,False,False,0,10.835940036985978,5.2418156436937005e-05,0.036000000020000006,0.43573656736916644,Scale,16,0.6,3.0,10,15,
CP-SAT,True,6.147146224975586,False,False,False,False,0,11.54781252161101,4.918680476817782e-05,0.028000000020000002,0.4765677607366297,Scale,16,0.6,3.0,10,15,
VeriXApp,True,119.76456642150879,False,False,False,False,0,10.835940036985978,5.2418156436937005e-05,0.036000000020000006,0.43573656736916644,Scale,16,0.6,3.0,10,15,
Uncoordinated,False,0.01239776611328125,False,False,False,False,0,11.755805874123794,4.8316551505009876e-05,0.04000000002,0.3943863751799863,Scale,16,0.6,3.0,10,16,
Static priority,False,0.24700164794921875,False,False,False,False,0,11.539894096286453,4.7834061161586744e-05,0.04000000002,0.4129013449049575,Scale,16,0.6,3.0,10,16,
Continuous only,False,58.78472328186035,False,False,False,False,0,10.559208385655102,5.30342786643714e-05,0.036000000020000006,0.3970620477356853,Scale,16,0.6,3.0,10,16,
CP-SAT,True,7.046699523925781,False,False,False,False,0,11.236823208463004,5.1971984355877457e-05,0.03200000002,0.3903706706938366,Scale,16,0.6,3.0,10,16,
VeriXApp,True,61.77496910095215,False,True,True,False,2,10.494153727896776,5.3363045226919354e-05,0.036000000020000006,0.3941363379342046,Scale,16,0.6,3.0,10,16,
Uncoordinated,False,0.011920928955078125,False,False,False,False,0,15.76690090678569,3.653222680889075e-05,0.03200000002,0.5480130906445331,Scale,16,0.6,3.0,10,17,
Static priority,False,0.39649009704589844,False,False,False,False,0,15.39763047278483,3.636923233024684e-05,0.036000000020000006,0.51159131371127,Scale,16,0.6,3.0,10,17,
Continuous only,True,56.49566650390625,False,False,False,False,0,13.569470780928878,3.773175890688287e-05,0.04400000002,0.44358574427597636,Scale,16,0.6,3.0,10,17,
CP-SAT,True,7.0514678955078125,False,False,False,False,0,13.385542154643488,4.064086412900987e-05,0.036000000020000006,0.4961820398584779,Scale,16,0.6,3.0,10,17,
VeriXApp,True,56.48374557495117,False,False,False,False,0,13.569470780928878,3.773175890688287e-05,0.04400000002,0.44358574427597636,Scale,16,0.6,3.0,10,17,
Uncoordinated,False,0.01239776611328125,False,False,False,False,0,16.24501858148848,3.397964719037102e-05,0.02800000002,0.5773193643736109,Scale,16,0.6,3.0,10,18,
Static priority,False,0.30517578125,False,False,False,False,0,16.527494973072702,3.291484891608244e-05,0.02800000002,0.6044635125350106,Scale,16,0.6,3.0,10,18,
Continuous only,True,42.86670684814453,False,False,False,False,0,13.591374314752478,4.179121160569289e-05,0.036000000020000006,0.5474170645287286,Scale,16,0.6,3.0,10,18,
CP-SAT,True,91.5060043334961,False,False,False,False,0,14.332864195126646,3.907104625957504e-05,0.03200000002,0.547151434597951,Scale,16,0.6,3.0,10,18,
VeriXApp,True,43.02859306335449,False,False,False,False,0,13.591374314752478,4.179121160569289e-05,0.036000000020000006,0.5474170645287286,Scale,16,0.6,3.0,10,18,
Uncoordinated,False,0.012159347534179688,False,False,False,False,0,11.874297388696412,4.918185732453791e-05,0.04000000002,0.577442712241067,Scale,16,0.6,3.0,10,19,
Static priority,False,0.38552284240722656,False,False,False,False,0,11.436663099657098,4.8965331506249436e-05,0.04000000002,0.5921732712417364,Scale,16,0.6,3.0,10,19,
Continuous only,True,44.4645881652832,False,False,False,False,0,11.102105105060451,4.683796406890246e-05,0.036000000020000006,0.5364179034024769,Scale,16,0.6,3.0,10,19,
CP-SAT,True,5.45811653137207,False,False,False,False,0,11.025118148130431,5.22443380888099e-05,0.036000000020000006,0.5099262046241163,Scale,16,0.6,3.0,10,19,
VeriXApp,True,43.50781440734863,False,False,False,False,0,11.102105105060451,4.683796406890246e-05,0.036000000020000006,0.5364179034024769,Scale,16,0.6,3.0,10,19,
Uncoordinated,False,0.019073486328125,False,False,False,False,0,11.301307682620621,4.848996376257639e-05,0.04600000002,0.3819313470732146,Scale,24,0.6,3.0,10,0,
Static priority,False,0.5397796630859375,False,False,False,False,0,12.280364791767502,4.560125122467145e-05,0.034000000020000004,0.43320884673568766,Scale,24,0.6,3.0,10,0,
Continuous only,False,82.01932907104492,True,False,False,False,0,10.71861386874663,5.000646600050317e-05,0.042000000020000004,0.43677120205261716,Scale,24,0.6,3.0,10,0,
CP-SAT,True,6.283998489379883,False,False,False,False,0,10.988372012748348,5.023492100190891e-05,0.036000000020000006,0.45378460217444067,Scale,24,0.6,3.0,10,0,
VeriXApp,True,85.31737327575684,True,True,True,False,4,10.857510202875408,5.084038510540042e-05,0.03800000002000001,0.44725429075881945,Scale,24,0.6,3.0,10,0,
Uncoordinated,False,0.018835067749023438,False,False,False,False,0,6.867977457625466,7.920818077176428e-05,0.042000000020000004,0.38134042902485393,Scale,24,0.6,3.0,10,1,
Static priority,False,0.25463104248046875,False,False,False,False,0,6.097234186598975,9.053285196314633e-05,0.036000000020000006,0.31442357634784734,Scale,24,0.6,3.0,10,1,
Continuous only,True,125.30827522277832,False,False,False,False,0,4.762895820114223,0.00010833745256843038,0.04600000002,0.35947803546940393,Scale,24,0.6,3.0,10,1,
CP-SAT,True,6.935834884643555,False,False,False,False,0,5.559668049609509,9.281129653707329e-05,0.042000000020000004,0.47670306891962005,Scale,24,0.6,3.0,10,1,
VeriXApp,True,126.56831741333008,False,False,False,False,0,4.762895820114223,0.00010833745256843038,0.04600000002,0.35947803546940393,Scale,24,0.6,3.0,10,1,
Uncoordinated,False,0.019073486328125,False,False,False,False,0,11.005243033541682,5.306561592688958e-05,0.042000000020000004,0.4926781677488332,Scale,24,0.6,3.0,10,2,
Static priority,False,0.5981922149658203,False,False,False,False,0,11.104804938227721,5.2589847660413196e-05,0.03800000002000001,0.51025832350648,Scale,24,0.6,3.0,10,2,
Continuous only,True,159.6226692199707,False,False,False,False,0,9.772449438323724,6.0578466405608364e-05,0.042000000020000004,0.47591339334015975,Scale,24,0.6,3.0,10,2,
CP-SAT,True,7.272958755493164,False,False,False,False,0,9.999707344798207,5.7601685743296483e-05,0.04400000002,0.46683376148213446,Scale,24,0.6,3.0,10,2,
VeriXApp,True,155.7159423828125,False,False,False,False,0,9.772449438323724,6.0578466405608364e-05,0.042000000020000004,0.47591339334015975,Scale,24,0.6,3.0,10,2,
Uncoordinated,False,0.01621246337890625,False,False,False,False,0,12.252982787726769,4.570315732108311e-05,0.034000000020000004,0.5910176146127338,Scale,24,0.6,3.0,10,3,
Static priority,False,0.4382133483886719,False,False,False,False,0,12.972010204468809,4.409493910226405e-05,0.03800000002000001,0.5234344821455285,Scale,24,0.6,3.0,10,3,
Continuous only,True,127.78830528259277,False,False,False,False,0,9.585187913989792,5.758885532064989e-05,0.04400000002,0.4451389607321553,Scale,24,0.6,3.0,10,3,
CP-SAT,True,7.020711898803711,False,False,False,False,0,11.088716254450084,5.0141061168994023e-05,0.036000000020000006,0.540339318789628,Scale,24,0.6,3.0,10,3,
VeriXApp,True,124.23133850097656,False,False,False,False,0,9.585187913989792,5.758885532064989e-05,0.04400000002,0.4451389607321553,Scale,24,0.6,3.0,10,3,
Uncoordinated,False,0.028848648071289062,False,False,False,False,0,12.328431520753556,4.3801192316392354e-05,0.042000000020000004,0.48983278943187636,Scale,24,0.6,3.0,10,4,
Static priority,False,0.52642822265625,False,False,False,False,0,12.38975986000968,4.423007436720181e-05,0.03800000002000001,0.522173741759932,Scale,24,0.6,3.0,10,4,
Continuous only,False,66.82658195495605,True,False,False,False,0,8.229803563268616,6.318498321404315e-05,0.04000000002,0.33568140761482307,Scale,24,0.6,3.0,10,4,
CP-SAT,True,6.060361862182617,False,False,False,False,0,11.321129076502503,4.699177938922975e-05,0.04000000002,0.4406242064534456,Scale,24,0.6,3.0,10,4,
VeriXApp,True,70.39284706115723,True,True,True,False,2,7.973857661688847,6.521310287470883e-05,0.04400000002,0.3185991444307696,Scale,24,0.6,3.0,10,4,
Uncoordinated,False,0.015974044799804688,False,False,False,False,0,8.77765313698631,6.334267159147453e-05,0.042000000020000004,0.4479490015263955,Scale,24,0.6,3.0,10,5,
Static priority,False,0.6096363067626953,False,False,False,False,0,9.596075950470386,5.7523513032735196e-05,0.036000000020000006,0.5087191233780686,Scale,24,0.6,3.0,10,5,
Continuous only,True,171.54645919799805,False,False,False,False,0,9.339028254598846,5.8678481857054735e-05,0.042000000020000004,0.4746299963232431,Scale,24,0.6,3.0,10,5,
CP-SAT,True,7.448673248291016,False,False,False,False,0,8.84197961310865,6.288184595853443e-05,0.04000000002,0.4625456824255159,Scale,24,0.6,3.0,10,5,
VeriXApp,True,173.98500442504883,False,False,False,False,0,9.339028254598846,5.8678481857054735e-05,0.042000000020000004,0.4746299963232431,Scale,24,0.6,3.0,10,5,
Uncoordinated,False,0.016689300537109375,False,False,False,False,0,12.594998945371582,4.350933274205468e-05,0.036000000020000006,0.46966229659534103,Scale,24,0.6,3.0,10,6,
Static priority,False,0.4677772521972656,False,False,False,False,0,15.338099951050044,3.4424081319397926e-05,0.03200000002,0.5372618963334214,Scale,24,0.6,3.0,10,6,
Continuous only,False,84.08737182617188,True,False,False,False,0,13.61855279675146,3.788948853090216e-05,0.034000000020000004,0.5284445117340067,Scale,24,0.6,3.0,10,6,
CP-SAT,True,7.838249206542969,False,False,False,False,0,13.051382543302498,4.352029358694089e-05,0.034000000020000004,0.5064953225795158,Scale,24,0.6,3.0,10,6,
VeriXApp,True,87.95976638793945,True,True,True,False,6,12.743403274642192,4.049153816129924e-05,0.034000000020000004,0.5162810098539069,Scale,24,0.6,3.0,10,6,
Uncoordinated,False,0.016450881958007812,False,False,False,False,0,12.981676270327725,4.313772646449323e-05,0.04400000002,0.43952823924533546,Scale,24,0.6,3.0,10,7,
Static priority,False,0.4439353942871094,False,False,False,False,0,12.842133304905069,4.360646215890839e-05,0.04000000002,0.3727511560032996,Scale,24,0.6,3.0,10,7,
Continuous only,True,97.80287742614746,False,False,False,False,0,14.978213350661676,3.5785309465919826e-05,0.036000000020000006,0.501696538333931,Scale,24,0.6,3.0,10,7,
CP-SAT,True,9.00411605834961,False,False,False,False,0,13.179316001620464,4.158030659046498e-05,0.042000000020000004,0.4410901080836493,Scale,24,0.6,3.0,10,7,
VeriXApp,True,96.48585319519043,False,False,False,False,0,14.978213350661676,3.5785309465919826e-05,0.036000000020000006,0.501696538333931,Scale,24,0.6,3.0,10,7,
Uncoordinated,False,0.01621246337890625,False,False,False,False,0,12.435568700230611,4.406714427059839e-05,0.04000000002,0.36711592926076697,Scale,24,0.6,3.0,10,8,
Static priority,False,0.30350685119628906,False,False,False,False,0,11.567604688665403,4.702788646754519e-05,0.04000000002,0.3229330174932532,Scale,24,0.6,3.0,10,8,
Continuous only,False,73.32491874694824,True,False,False,False,0,11.81795784115441,4.50162377587254e-05,0.03800000002000001,0.3371463046469063,Scale,24,0.6,3.0,10,8,
CP-SAT,True,8.896350860595703,False,False,False,False,0,12.230680981544921,4.6767633042109456e-05,0.03800000002000001,0.3488097069704506,Scale,24,0.6,3.0,10,8,
VeriXApp,True,75.99282264709473,True,True,True,False,2,11.81795784115441,4.50162377587254e-05,0.03800000002000001,0.3371463046469063,Scale,24,0.6,3.0,10,8,
Uncoordinated,False,0.016927719116210938,False,False,False,False,0,13.569010388698699,4.244966902521767e-05,0.03200000002,0.44612765577971314,Scale,24,0.6,3.0,10,9,
Static priority,False,0.5254745483398438,False,False,False,False,0,13.29815694971236,4.060713090107425e-05,0.03200000002,0.47101600000709004,Scale,24,0.6,3.0,10,9,
Continuous only,True,146.51250839233398,False,False,False,False,0,13.42777482072849,3.991726158325022e-05,0.036000000020000006,0.5268647177084524,Scale,24,0.6,3.0,10,9,
CP-SAT,True,6.895542144775391,False,False,False,False,0,14.132062957259894,3.906011469588223e-05,0.04000000002,0.4657089482168973,Scale,24,0.6,3.0,10,9,
VeriXApp,True,147.57728576660156,False,False,False,False,0,13.42777482072849,3.991726158325022e-05,0.036000000020000006,0.5268647177084524,Scale,24,0.6,3.0,10,9,
Uncoordinated,False,0.016450881958007812,False,False,False,False,0,14.536603119318652,3.632210329098865e-05,0.04000000002,0.5598052839757163,Scale,24,0.6,3.0,10,10,
Static priority,False,0.34737586975097656,False,False,False,False,0,14.965619896194646,3.501358471179928e-05,0.034000000020000004,0.5055965848680466,Scale,24,0.6,3.0,10,10,
Continuous only,True,58.17890167236328,False,False,False,False,0,12.717306917165526,4.2147288218429295e-05,0.036000000020000006,0.5226785057295463,Scale,24,0.6,3.0,10,10,
CP-SAT,True,8.114337921142578,False,False,False,False,0,13.849003820902317,3.7547827029635406e-05,0.036000000020000006,0.533509989367729,Scale,24,0.6,3.0,10,10,
VeriXApp,True,57.15370178222656,False,False,False,False,0,12.717306917165526,4.2147288218429295e-05,0.036000000020000006,0.5226785057295463,Scale,24,0.6,3.0,10,10,
Uncoordinated,False,0.015735626220703125,False,False,False,False,0,10.176151620284804,5.424447478746892e-05,0.04400000002,0.579080160120482,Scale,24,0.6,3.0,10,11,
Static priority,False,0.3757476806640625,False,False,False,False,0,8.97839113417953,6.148094817328797e-05,0.042000000020000004,0.5215105390610644,Scale,24,0.6,3.0,10,11,
Continuous only,True,122.1466064453125,False,False,False,False,0,8.310785040896857,6.30506020094887e-05,0.03800000002000001,0.636217632925078,Scale,24,0.6,3.0,10,11,
CP-SAT,True,9.186267852783203,False,False,False,False,0,10.152867059374566,5.5550811086335975e-05,0.042000000020000004,0.6547720941039304,Scale,24,0.6,3.0,10,11,
VeriXApp,True,122.99013137817383,False,False,False,False,0,8.310785040896857,6.30506020094887e-05,0.03800000002000001,0.636217632925078,Scale,24,0.6,3.0,10,11,
Uncoordinated,False,0.016689300537109375,False,False,False,False,0,13.389096182656328,3.9435074092898745e-05,0.04800000002,0.3730006508416947,Scale,24,0.6,3.0,10,12,
Static priority,False,0.44989585876464844,False,False,False,False,0,13.906277401914043,3.8256104392594396e-05,0.04000000002,0.38196604190020217,Scale,24,0.6,3.0,10,12,
Continuous only,False,78.07540893554688,True,False,False,False,0,12.125032686688,4.38761703780048e-05,0.042000000020000004,0.32409796001553925,Scale,24,0.6,3.0,10,12,
CP-SAT,True,8.15129280090332,False,False,False,False,0,12.181866997580833,4.36714667879438e-05,0.04400000002,0.33459267567614415,Scale,24,0.6,3.0,10,12,
VeriXApp,True,80.91998100280762,True,True,True,False,2,12.194019978940787,4.3299912654880184e-05,0.042000000020000004,0.3262062376145993,Scale,24,0.6,3.0,10,12,
Uncoordinated,False,0.019073486328125,False,False,False,False,0,12.974384514257588,4.100387185344967e-05,0.03800000002000001,0.4177042201962331,Scale,24,0.6,3.0,10,13,
Static priority,False,0.4343986511230469,False,False,False,False,0,13.15463126686732,3.983387974696054e-05,0.03200000002,0.43213141644756153,Scale,24,0.6,3.0,10,13,
Continuous only,True,110.85152626037598,False,False,False,False,0,13.89388914415383,4.174497104319047e-05,0.04000000002,0.4682333187222394,Scale,24,0.6,3.0,10,13,
CP-SAT,True,7.889270782470703,False,False,False,False,0,14.873618101237252,3.8188421682868895e-05,0.036000000020000006,0.49463746946294085,Scale,24,0.6,3.0,10,13,
VeriXApp,True,111.05561256408691,False,False,False,False,0,13.89388914415383,4.174497104319047e-05,0.04000000002,0.4682333187222394,Scale,24,0.6,3.0,10,13,
Uncoordinated,False,0.019550323486328125,False,False,False,False,0,8.13075072818094,6.592257196401803e-05,0.036000000020000006,0.332011788154136,Scale,24,0.6,3.0,10,14,
Static priority,False,0.5712509155273438,False,False,False,False,0,8.743686286571583,6.496115955947843e-05,0.04000000002,0.4191610052187932,Scale,24,0.6,3.0,10,14,
Continuous only,True,137.07900047302246,False,False,False,False,0,7.082244518577823,7.342305093194108e-05,0.042000000020000004,0.39981307720413745,Scale,24,0.6,3.0,10,14,
CP-SAT,True,8.498668670654297,False,False,False,False,0,9.627201380928557,5.5675577853997486e-05,0.036000000020000006,0.4737314454947982,Scale,24,0.6,3.0,10,14,
VeriXApp,True,125.09012222290039,False,False,False,False,0,7.082244518577823,7.342305093194108e-05,0.042000000020000004,0.39981307720413745,Scale,24,0.6,3.0,10,14,
Uncoordinated,False,0.015974044799804688,False,False,False,False,0,11.149695526600237,4.699679903813284e-05,0.03200000002,0.47600189299111934,Scale,24,0.6,3.0,10,15,
Static priority,False,0.29587745666503906,False,False,False,False,0,11.70218554918024,4.580340977737683e-05,0.03200000002,0.5141209170949553,Scale,24,0.6,3.0,10,15,
Continuous only,True,72.22342491149902,False,False,False,False,0,10.070400268252923,5.004766310916826e-05,0.042000000020000004,0.41785114064638235,Scale,24,0.6,3.0,10,15,
CP-SAT,True,6.6051483154296875,False,False,False,False,0,10.481802282559029,4.9228175278462104e-05,0.034000000020000004,0.4566608384280264,Scale,24,0.6,3.0,10,15,
VeriXApp,True,73.39191436767578,False,False,False,False,0,10.070400268252923,5.004766310916826e-05,0.042000000020000004,0.41785114064638235,Scale,24,0.6,3.0,10,15,
Uncoordinated,False,0.016450881958007812,False,False,False,False,0,11.161239317991631,4.874010712440203e-05,0.04400000002,0.3481605354933673,Scale,24,0.6,3.0,10,16,
Static priority,False,0.43845176696777344,False,False,False,False,0,9.220545341263811,6.030012102557396e-05,0.042000000020000004,0.2991509910110564,Scale,24,0.6,3.0,10,16,
Continuous only,True,169.92568969726562,False,False,False,False,0,10.095596476673492,5.507351658563937e-05,0.03200000002,0.3572984888833574,Scale,24,0.6,3.0,10,16,
CP-SAT,True,7.524013519287109,False,False,False,False,0,9.197451253609154,6.132133614501973e-05,0.03800000002000001,0.2899474853025162,Scale,24,0.6,3.0,10,16,
VeriXApp,True,169.95477676391602,False,False,False,False,0,10.095596476673492,5.507351658563937e-05,0.03200000002,0.3572984888833574,Scale,24,0.6,3.0,10,16,
Uncoordinated,False,0.016450881958007812,False,False,False,False,0,14.744204245928186,3.689585351140486e-05,0.03800000002000001,0.4965919399880329,Scale,24,0.6,3.0,10,17,
Static priority,False,0.24628639221191406,False,False,False,False,0,11.778185357916408,4.4828637345660235e-05,0.04000000002,0.41273698559182764,Scale,24,0.6,3.0,10,17,
Continuous only,True,53.38644981384277,False,False,False,False,0,12.845256934622677,4.297306023612168e-05,0.034000000020000004,0.4440168056170555,Scale,24,0.6,3.0,10,17,
CP-SAT,True,9.298563003540039,False,False,False,False,0,14.013077470809533,4.053356596245141e-05,0.034000000020000004,0.46186215582965673,Scale,24,0.6,3.0,10,17,
VeriXApp,True,53.36713790893555,False,False,False,False,0,12.845256934622677,4.297306023612168e-05,0.034000000020000004,0.4440168056170555,Scale,24,0.6,3.0,10,17,
Uncoordinated,False,0.017404556274414062,False,False,False,False,0,13.753658857820408,3.897144792821638e-05,0.034000000020000004,0.5319174008758122,Scale,24,0.6,3.0,10,18,
Static priority,False,0.6306171417236328,False,False,False,False,0,13.755277697742045,3.7803671538042375e-05,0.036000000020000006,0.5039424517094091,Scale,24,0.6,3.0,10,18,
Continuous only,True,94.4671630859375,False,False,False,False,0,11.237647159985986,4.876465617743095e-05,0.034000000020000004,0.5427976208841726,Scale,24,0.6,3.0,10,18,
CP-SAT,True,8.656740188598633,False,False,False,False,0,13.375178911277505,3.8877984619820925e-05,0.03800000002000001,0.5100226585212879,Scale,24,0.6,3.0,10,18,
VeriXApp,True,94.27595138549805,False,False,False,False,0,11.237647159985986,4.876465617743095e-05,0.034000000020000004,0.5427976208841726,Scale,24,0.6,3.0,10,18,
Uncoordinated,False,0.015735626220703125,False,False,False,False,0,11.114130509521518,5.182591652190323e-05,0.042000000020000004,0.5408463479337403,Scale,24,0.6,3.0,10,19,
Static priority,False,0.4966259002685547,False,False,False,False,0,12.259203571523722,4.404853845924693e-05,0.04600000002,0.5785368934158177,Scale,24,0.6,3.0,10,19,
Continuous only,True,85.50834655761719,False,False,False,False,0,11.540181145966471,4.402010623356258e-05,0.034000000020000004,0.6252566678599829,Scale,24,0.6,3.0,10,19,
CP-SAT,True,5.95545768737793,False,False,False,False,0,12.889727773264577,4.220414965848587e-05,0.03800000002000001,0.6408532577826322,Scale,24,0.6,3.0,10,19,
VeriXApp,True,86.66610717773438,False,False,False,False,0,11.540181145966471,4.402010623356258e-05,0.034000000020000004,0.6252566678599829,Scale,24,0.6,3.0,10,19,
Uncoordinated,False,0.020742416381835938,False,False,False,False,0,11.609549236955731,4.754706567270187e-05,0.042000000020000004,0.3957867176783444,Scale,32,0.6,3.0,10,0,
Static priority,False,0.8392333984375,False,False,False,False,0,11.670907827812309,4.69543593424747e-05,0.03800000002000001,0.4129156004558645,Scale,32,0.6,3.0,10,0,
Continuous only,True,158.28633308410645,False,False,False,False,0,10.909775886371758,4.949689211073122e-05,0.036000000020000006,0.4445004182306701,Scale,32,0.6,3.0,10,0,
CP-SAT,True,10.588407516479492,False,False,False,False,0,11.819006447987036,4.771974721242818e-05,0.038000000019999994,0.4552417149981164,Scale,32,0.6,3.0,10,0,
VeriXApp,True,167.8483486175537,False,False,False,False,0,10.909775886371758,4.949689211073122e-05,0.036000000020000006,0.4445004182306701,Scale,32,0.6,3.0,10,0,
Uncoordinated,False,0.05340576171875,False,False,False,False,0,6.951486612051293,7.82566421198174e-05,0.042000000020000004,0.3880850685561402,Scale,32,0.6,3.0,10,1,
Static priority,False,0.6835460662841797,False,False,False,False,0,5.977920094428854,8.832503473776299e-05,0.03800000002000001,0.36606730003826027,Scale,32,0.6,3.0,10,1,
Continuous only,True,254.90689277648926,False,False,False,False,0,4.694802719760576,0.00011416880154387719,0.042000000020000004,0.35473809289138175,Scale,32,0.6,3.0,10,1,
CP-SAT,True,6.696939468383789,False,False,False,False,0,5.917613804693619,9.598463481166762e-05,0.034000000020000004,0.3778872652206685,Scale,32,0.6,3.0,10,1,
VeriXApp,True,246.7331886291504,False,False,False,False,0,4.694802719760576,0.00011416880154387719,0.042000000020000004,0.35473809289138175,Scale,32,0.6,3.0,10,1,
Uncoordinated,False,0.020503997802734375,False,False,False,False,0,11.245629502037469,5.2286979567792705e-05,0.03800000002000001,0.5096003271987579,Scale,32,0.6,3.0,10,2,
Static priority,False,0.9479522705078125,False,False,False,False,0,9.37813045821467,6.013991834651547e-05,0.03800000002000001,0.4536226838203387,Scale,32,0.6,3.0,10,2,
Continuous only,True,125.22745132446289,False,False,False,False,0,10.471541982630242,4.813044734347761e-05,0.03200000002,0.4477844160337791,Scale,32,0.6,3.0,10,2,
CP-SAT,True,11.922121047973633,False,False,False,False,0,11.245340003535462,4.908699957728755e-05,0.04400000002,0.5179166297046799,Scale,32,0.6,3.0,10,2,
VeriXApp,True,124.55511093139648,False,False,False,False,0,10.471541982630242,4.813044734347761e-05,0.03200000002,0.4477844160337791,Scale,32,0.6,3.0,10,2,
Uncoordinated,False,0.02193450927734375,False,False,False,False,0,12.107472890609388,4.559167755214498e-05,0.03200000002,0.5849027688155507,Scale,32,0.6,3.0,10,3,
Static priority,False,0.6868839263916016,False,False,False,False,0,13.209437397912048,4.118267747617983e-05,0.03400000002,0.6107034626145974,Scale,32,0.6,3.0,10,3,
Continuous only,True,102.35023498535156,False,False,False,False,0,11.767372030341983,4.2490370722601266e-05,0.034000000020000004,0.5723339005121624,Scale,32,0.6,3.0,10,3,
CP-SAT,True,7.2174072265625,False,False,False,False,0,13.360769475827253,4.041683384905233e-05,0.03200000002,0.612003106022047,Scale,32,0.6,3.0,10,3,
VeriXApp,True,101.3784408569336,False,False,False,False,0,11.767372030341983,4.2490370722601266e-05,0.034000000020000004,0.5723339005121624,Scale,32,0.6,3.0,10,3,
Uncoordinated,False,0.0209808349609375,False,False,False,False,0,12.239639412644927,4.575298185839175e-05,0.034000000020000004,0.47892496031786486,Scale,32,0.6,3.0,10,4,
Static priority,False,0.6303787231445312,False,False,False,False,0,11.208211391627517,4.8892725239760694e-05,0.042000000020000004,0.47942318108310733,Scale,32,0.6,3.0,10,4,
Continuous only,False,124.16362762451172,True,False,False,False,0,9.7716724711549,5.6080471548514014e-05,0.042000000020000004,0.4265236752459939,Scale,32,0.6,3.0,10,4,
CP-SAT,True,9.054899215698242,False,False,False,False,0,11.38479873819009,4.8837051298492316e-05,0.03800000002000001,0.44369530663100015,Scale,32,0.6,3.0,10,4,
VeriXApp,True,123.62122535705566,True,True,True,False,2,10.377042776746888,5.3579811894569556e-05,0.036000000020000006,0.4568384381829886,Scale,32,0.6,3.0,10,4,
Uncoordinated,False,0.022649765014648438,False,False,False,False,0,9.48421995066889,5.862369313364429e-05,0.04000000002,0.48406158320036563,Scale,32,0.6,3.0,10,5,
Static priority,False,0.6518363952636719,False,False,False,False,0,11.449255171836318,4.681527243086436e-05,0.03000000002,0.556575070160631,Scale,32,0.6,3.0,10,5,
Continuous only,False,80.10029792785645,True,False,False,False,0,8.004353104330312,6.74632906571629e-05,0.04400000002,0.4928470065067917,Scale,32,0.6,3.0,10,5,
CP-SAT,True,7.41267204284668,False,False,False,False,0,10.306639269196717,5.3557710285810944e-05,0.03200000002,0.5416098895921048,Scale,32,0.6,3.0,10,5,
VeriXApp,True,82.93485641479492,True,True,True,False,2,8.038688825373178,6.717513412082246e-05,0.04000000002,0.49922869622902694,Scale,32,0.6,3.0,10,5,
Uncoordinated,False,0.020503997802734375,False,False,False,False,0,12.706257260583094,4.3128357057588185e-05,0.038000000019999994,0.4744126851359463,Scale,32,0.6,3.0,10,6,
Static priority,False,0.9813308715820312,False,False,False,False,0,12.729595321818554,4.3363515182126084e-05,0.034000000020000004,0.48044185949571716,Scale,32,0.6,3.0,10,6,
Continuous only,True,106.0340404510498,False,False,False,False,0,13.093814257156573,4.337926205800217e-05,0.034000000020000004,0.47335981996341253,Scale,32,0.6,3.0,10,6,
CP-SAT,True,12.443780899047852,False,False,False,False,0,13.805354227108143,3.998448652017163e-05,0.038000000019999994,0.5031464948012969,Scale,32,0.6,3.0,10,6,
VeriXApp,True,105.6215763092041,False,False,False,False,0,13.093814257156573,4.337926205800217e-05,0.034000000020000004,0.47335981996341253,Scale,32,0.6,3.0,10,6,
Uncoordinated,False,0.020503997802734375,False,False,False,False,0,13.070289366082658,4.22331889171817e-05,0.042000000020000004,0.4436793536335785,Scale,32,0.6,3.0,10,7,
Static priority,False,0.8730888366699219,False,False,False,False,0,13.065703241061927,4.224801297072286e-05,0.03800000002000001,0.45582532959921457,Scale,32,0.6,3.0,10,7,
Continuous only,False,246.14357948303223,True,False,False,False,0,11.599996926278264,4.551725344029063e-05,0.04000000002,0.42407771036021713,Scale,32,0.6,3.0,10,7,
CP-SAT,True,9.31406021118164,False,False,False,False,0,14.147199779643502,3.901832225443486e-05,0.03000000002,0.4962010973211405,Scale,32,0.6,3.0,10,7,
VeriXApp,True,249.006986618042,True,True,True,False,14,12.338690101342877,4.408895883857184e-05,0.03000000002,0.45696768593969095,Scale,32,0.6,3.0,10,7,
Uncoordinated,False,0.020742416381835938,False,False,False,False,0,12.941156421406973,4.1727337373555276e-05,0.028000000020000002,0.3885100582495778,Scale,32,0.6,3.0,10,8,
Static priority,False,1.0223388671875,False,False,False,False,0,11.873313604629123,4.682770273862124e-05,0.028000000020000002,0.3438273581530476,Scale,32,0.6,3.0,10,8,
Continuous only,False,235.50987243652344,True,False,False,False,0,9.924589449159996,5.44103111535465e-05,0.036000000020000006,0.2976000161220625,Scale,32,0.6,3.0,10,8,
CP-SAT,True,7.826805114746094,False,False,False,False,0,12.682754193567286,4.415444716921447e-05,0.02800000002,0.37428255290112394,Scale,32,0.6,3.0,10,8,
VeriXApp,True,239.8397922515869,True,True,True,False,2,10.804074167120438,5.109183734408981e-05,0.036000000020000006,0.3286327673981584,Scale,32,0.6,3.0,10,8,
Uncoordinated,False,0.0209808349609375,False,False,False,False,0,14.531458780422167,3.963814016910876e-05,0.03000000002,0.4917941065652777,Scale,32,0.6,3.0,10,9,
Static priority,False,0.6282329559326172,False,False,False,False,0,12.472187260738421,4.393776236226551e-05,0.03200000002,0.43069892848987423,Scale,32,0.6,3.0,10,9,
Continuous only,False,136.50822639465332,True,False,False,False,0,11.674805411531283,4.625344757066687e-05,0.036000000020000006,0.39603848815796355,Scale,32,0.6,3.0,10,9,
CP-SAT,True,9.534597396850586,False,False,False,False,0,13.371601949313662,4.038409175257547e-05,0.03800000002000001,0.4373872626829995,Scale,32,0.6,3.0,10,9,
VeriXApp,True,138.93890380859375,True,True,True,False,2,10.960022228973422,4.7810122010042746e-05,0.036000000020000006,0.40554733785586417,Scale,32,0.6,3.0,10,9,
Uncoordinated,False,0.020742416381835938,False,False,False,False,0,14.530336085768601,3.7438913786227434e-05,0.03800000002000001,0.5534937284393501,Scale,32,0.6,3.0,10,10,
Static priority,False,0.8640289306640625,False,False,False,False,0,12.52293996646105,4.1843209454279684e-05,0.036000000020000006,0.5329687343888527,Scale,32,0.6,3.0,10,10,
Continuous only,True,114.86387252807617,False,False,False,False,0,14.457402263518723,3.818113309283069e-05,0.042000000020000004,0.5357210377789635,Scale,32,0.6,3.0,10,10,
CP-SAT,True,7.89952278137207,False,False,False,False,0,12.879480754951205,4.316944219868951e-05,0.04000000002,0.5431644182726717,Scale,32,0.6,3.0,10,10,
VeriXApp,True,114.6841049194336,False,False,False,False,0,14.457402263518723,3.818113309283069e-05,0.042000000020000004,0.5357210377789635,Scale,32,0.6,3.0,10,10,
Uncoordinated,False,0.0209808349609375,False,False,False,False,0,9.491567236885011,5.8156886657756856e-05,0.04000000002,0.6120272931994423,Scale,32,0.6,3.0,10,11,
Static priority,False,0.7183551788330078,False,False,False,False,0,8.51412448594087,6.389382735691634e-05,0.03800000002000001,0.589376512036354,Scale,32,0.6,3.0,10,11,
Continuous only,True,114.12930488586426,False,False,False,False,0,9.510757672182164,5.3833776198245406e-05,0.04000000002,0.4987840315370991,Scale,32,0.6,3.0,10,11,
CP-SAT,True,8.757829666137695,False,False,False,False,0,9.09275046526511,5.894806000093749e-05,0.042000000020000004,0.5901275495014529,Scale,32,0.6,3.0,10,11,
VeriXApp,True,119.86827850341797,False,False,False,False,0,9.510757672182164,5.3833776198245406e-05,0.04000000002,0.4987840315370991,Scale,32,0.6,3.0,10,11,
Uncoordinated,False,0.020503997802734375,False,False,False,False,0,13.549274128179619,4.044497106013053e-05,0.03800000002000001,0.37762543255787656,Scale,32,0.6,3.0,10,12,
Static priority,False,0.5345344543457031,False,False,False,False,0,13.350617602483414,4.074717860983509e-05,0.03800000002000001,0.36779725395726176,Scale,32,0.6,3.0,10,12,
Continuous only,True,300.37617683410645,False,False,False,False,0,12.612911686991117,4.3130405849196456e-05,0.04000000002,0.33181636114958374,Scale,32,0.6,3.0,10,12,
CP-SAT,True,5.574226379394531,False,False,False,False,0,13.241025660365196,4.078233921231646e-05,0.042000000020000004,0.36256549818148637,Scale,32,0.6,3.0,10,12,
VeriXApp,True,294.86560821533203,False,False,False,False,0,12.612911686991117,4.3130405849196456e-05,0.04000000002,0.33181636114958374,Scale,32,0.6,3.0,10,12,
Uncoordinated,False,0.023126602172851562,False,False,False,False,0,12.652986891768444,4.3626062740894035e-05,0.04000000002,0.41490787840659954,Scale,32,0.6,3.0,10,13,
Static priority,False,0.6105899810791016,False,False,False,False,0,12.456763063911726,4.302883479841054e-05,0.034000000020000004,0.4184432364509339,Scale,32,0.6,3.0,10,13,
Continuous only,True,70.77789306640625,False,False,False,False,0,13.632946279545626,4.0196740217644604e-05,0.04400000002,0.45921263119523015,Scale,32,0.6,3.0,10,13,
CP-SAT,True,6.626367568969727,False,False,False,False,0,14.06457036875017,3.867874991821324e-05,0.042000000020000004,0.46297812558129126,Scale,32,0.6,3.0,10,13,
VeriXApp,True,71.54464721679688,False,False,False,False,0,13.632946279545626,4.0196740217644604e-05,0.04400000002,0.45921263119523015,Scale,32,0.6,3.0,10,13,
Uncoordinated,False,0.0209808349609375,False,False,False,False,0,8.295615510990608,6.461244488608108e-05,0.03800000002000001,0.36883148593831616,Scale,32,0.6,3.0,10,14,
Static priority,False,0.3383159637451172,False,False,False,False,0,9.034100712063816,6.154458730546776e-05,0.034000000020000004,0.4257637382419156,Scale,32,0.6,3.0,10,14,
Continuous only,True,243.9267635345459,False,False,False,False,0,8.076944599887236,6.735220147574058e-05,0.03800000002000001,0.4164626914434434,Scale,32,0.6,3.0,10,14,
CP-SAT,True,9.392499923706055,False,False,False,False,0,9.137344138833123,6.0411427173245623e-05,0.036000000020000006,0.43937319332133135,Scale,32,0.6,3.0,10,14,
VeriXApp,True,240.27347564697266,False,False,False,False,0,8.076944599887236,6.735220147574058e-05,0.03800000002000001,0.4164626914434434,Scale,32,0.6,3.0,10,14,
Uncoordinated,False,0.020742416381835938,False,False,False,False,0,11.067993085947881,4.734372310597841e-05,0.034000000020000004,0.46960979967990135,Scale,32,0.6,3.0,10,15,
Static priority,False,0.8363723754882812,False,False,False,False,0,9.996667550464494,5.201733451422402e-05,0.03800000002000001,0.4611289950035816,Scale,32,0.6,3.0,10,15,
Continuous only,False,96.47822380065918,True,False,False,False,0,10.86794952741266,4.931933099689375e-05,0.034000000020000004,0.4945627738141144,Scale,32,0.6,3.0,10,15,
CP-SAT,True,11.24429702758789,False,False,False,False,0,10.731558415565644,5.180980976570439e-05,0.036000000020000006,0.45655522349309635,Scale,32,0.6,3.0,10,15,
VeriXApp,True,104.32696342468262,True,True,True,False,10,10.09025187367017,5.153488798004189e-05,0.034000000020000004,0.5089359397058261,Scale,32,0.6,3.0,10,15,
Uncoordinated,False,0.0209808349609375,False,False,False,False,0,10.942858221640709,4.89817184088158e-05,0.04600000002,0.34562335252083065,Scale,32,0.6,3.0,10,16,
Static priority,False,0.7836818695068359,False,False,False,False,0,11.017216527036107,5.046646751796002e-05,0.03200000002,0.39926081230896077,Scale,32,0.6,3.0,10,16,
Continuous only,False,205.23929595947266,True,False,False,False,0,9.555030734185204,5.484022130094002e-05,0.036000000020000006,0.31982925029790055,Scale,32,0.6,3.0,10,16,
CP-SAT,True,9.409427642822266,False,False,False,False,0,12.265728892614755,4.467732857930303e-05,0.036000000020000006,0.4194408959480246,Scale,32,0.6,3.0,10,16,
VeriXApp,True,197.27730751037598,True,True,True,False,8,11.390127973475572,4.705829480126952e-05,0.03200000002,0.39539975876376066,Scale,32,0.6,3.0,10,16,
Uncoordinated,False,0.020742416381835938,False,False,False,False,0,14.785385001480744,3.6522552503429536e-05,0.03200000002,0.5063866716082795,Scale,32,0.6,3.0,10,17,
Static priority,False,0.5433559417724609,False,False,False,False,0,12.484546211699033,3.940872112267533e-05,0.034000000020000004,0.48676988899802176,Scale,32,0.6,3.0,10,17,
Continuous only,True,106.83107376098633,False,False,False,False,0,12.849592231482493,4.264726772086648e-05,0.034000000020000004,0.4660575990308805,Scale,32,0.6,3.0,10,17,
CP-SAT,True,11.977910995483398,False,False,False,False,0,13.068881106257503,4.254381040575707e-05,0.034000000020000004,0.48013426474685467,Scale,32,0.6,3.0,10,17,
VeriXApp,True,110.06355285644531,False,False,False,False,0,12.849592231482493,4.264726772086648e-05,0.034000000020000004,0.4660575990308805,Scale,32,0.6,3.0,10,17,
Uncoordinated,False,0.020742416381835938,False,False,False,False,0,11.914459054538211,4.5323081604306184e-05,0.036000000020000006,0.5281498836100262,Scale,32,0.6,3.0,10,18,
Static priority,False,0.6973743438720703,False,False,False,False,0,13.025665337948794,4.237787365777093e-05,0.034000000020000004,0.5793613321389673,Scale,32,0.6,3.0,10,18,
Continuous only,False,91.98188781738281,True,False,False,False,0,9.339837293293627,5.995821794477107e-05,0.024000000020000002,0.48260239913901565,Scale,32,0.6,3.0,10,18,
CP-SAT,True,11.938810348510742,False,False,False,False,0,11.034367518176458,4.748799594873349e-05,0.03800000002000001,0.5031302406339865,Scale,32,0.6,3.0,10,18,
VeriXApp,True,94.15817260742188,True,True,True,False,2,9.228675185140347,5.98135690037947e-05,0.024000000020000002,0.4874894444740828,Scale,32,0.6,3.0,10,18,
Uncoordinated,False,0.020503997802734375,False,False,False,False,0,11.460491488309005,4.956157426402036e-05,0.03800000002000001,0.5717874457474035,Scale,32,0.6,3.0,10,19,
Static priority,False,0.7116794586181641,False,False,False,False,0,9.57336729291326,5.8077788409056675e-05,0.04000000002,0.5359299892671182,Scale,32,0.6,3.0,10,19,
Continuous only,True,291.9185161590576,False,False,False,False,0,10.653288957619246,4.918668798758477e-05,0.042000000020000004,0.544436437425369,Scale,32,0.6,3.0,10,19,
CP-SAT,True,7.246494293212891,False,False,False,False,0,11.846326274098113,4.625906693100266e-05,0.042000000020000004,0.5688052814338549,Scale,32,0.6,3.0,10,19,
VeriXApp,True,290.6613349914551,False,False,False,False,0,10.653288957619246,4.918668798758477e-05,0.042000000020000004,0.544436437425369,Scale,32,0.6,3.0,10,19,
Uncoordinated,False,0.02574920654296875,False,False,False,False,0,11.570892382771,4.839730432838846e-05,0.03800000002000001,0.38109424779920165,Scale,40,0.6,3.0,10,0,
Static priority,False,1.2352466583251953,False,False,False,False,0,11.007215290984277,4.905872972633686e-05,0.036000000020000006,0.3992039323102772,Scale,40,0.6,3.0,10,0,
Continuous only,True,130.17654418945312,False,False,False,False,0,10.548157298795966,5.157298896766505e-05,0.036000000020000006,0.41253941159590873,Scale,40,0.6,3.0,10,0,
CP-SAT,True,9.151458740234375,False,False,False,False,0,11.397746506074405,4.913251928366272e-05,0.03000000002,0.4027262877002552,Scale,40,0.6,3.0,10,0,
VeriXApp,True,130.2649974822998,False,False,False,False,0,10.548157298795966,5.157298896766505e-05,0.036000000020000006,0.41253941159590873,Scale,40,0.6,3.0,10,0,
Uncoordinated,False,0.03504753112792969,False,False,False,False,0,6.875834670889049,7.853591976058634e-05,0.036000000020000006,0.3575508169379228,Scale,40,0.6,3.0,10,1,
Static priority,False,1.2123584747314453,False,False,False,False,0,6.4492760548560435,8.2489878782507e-05,0.04000000002,0.39553323043041344,Scale,40,0.6,3.0,10,1,
Continuous only,True,403.7506580352783,False,False,False,False,0,7.086168311290459,7.620479450644898e-05,0.03800000002000001,0.3528585804057077,Scale,40,0.6,3.0,10,1,
CP-SAT,True,12.108802795410156,False,False,False,False,0,7.20852290257765,7.713091953986626e-05,0.04000000002,0.3891098237860536,Scale,40,0.6,3.0,10,1,
VeriXApp,True,406.0952663421631,False,False,False,False,0,7.086168311290459,7.620479450644898e-05,0.03800000002000001,0.3528585804057077,Scale,40,0.6,3.0,10,1,
Uncoordinated,False,0.025510787963867188,False,False,False,False,0,11.907712037656927,4.803609611914601e-05,0.03200000002,0.5433009919361619,Scale,40,0.6,3.0,10,2,
Static priority,False,0.8692741394042969,False,False,False,False,0,11.312454415397868,4.808859156679016e-05,0.03800000002000001,0.5075975231029992,Scale,40,0.6,3.0,10,2,
Continuous only,False,349.00665283203125,True,False,False,False,0,10.456724300056024,5.355405612032821e-05,0.03200000002,0.47925996438823165,Scale,40,0.6,3.0,10,2,
CP-SAT,True,8.867979049682617,False,False,False,False,0,10.55843282611095,5.303817424638275e-05,0.034000000020000004,0.5272086626413486,Scale,40,0.6,3.0,10,2,
VeriXApp,True,381.90174102783203,True,True,True,False,12,10.371557103908085,5.283681076137635e-05,0.03200000002,0.48555986890021874,Scale,40,0.6,3.0,10,2,
Uncoordinated,False,0.026226043701171875,False,False,False,False,0,13.1467041568287,4.13791923443743e-05,0.028000000020000002,0.6308854352222296,Scale,40,0.6,3.0,10,3,
Static priority,False,1.3065338134765625,False,False,False,False,0,10.799251715395492,5.0373860554103915e-05,0.04400000002,0.5311749189961229,Scale,40,0.6,3.0,10,3,
Continuous only,True,197.19219207763672,False,False,False,False,0,8.799753316798231,5.7728890994052844e-05,0.03000000002,0.5423136179345843,Scale,40,0.6,3.0,10,3,
CP-SAT,True,17.641544342041016,False,False,False,False,0,12.787309674636097,4.2229367532335714e-05,0.03000000002,0.6208994007044756,Scale,40,0.6,3.0,10,3,
VeriXApp,True,184.21292304992676,False,False,False,False,0,8.799753316798231,5.7728890994052844e-05,0.03000000002,0.5423136179345843,Scale,40,0.6,3.0,10,3,
Uncoordinated,False,0.027418136596679688,False,False,False,False,0,11.7162513196932,4.677263956252774e-05,0.036000000020000006,0.4929334459597212,Scale,40,0.6,3.0,10,4,
Static priority,False,0.5235671997070312,False,False,False,False,0,10.195894813495636,5.17855479737905e-05,0.034000000020000004,0.5352564864948344,Scale,40,0.6,3.0,10,4,
Continuous only,False,155.96699714660645,True,False,False,False,0,9.611609864203263,5.57658922462341e-05,0.034000000020000004,0.45441798750532847,Scale,40,0.6,3.0,10,4,
CP-SAT,True,10.925769805908203,False,False,False,False,0,11.493896070940774,4.941753401059849e-05,0.034000000020000004,0.5209555312528517,Scale,40,0.6,3.0,10,4,
VeriXApp,True,166.34511947631836,True,True,True,False,18,9.902859169833956,5.452970609184724e-05,0.03000000002,0.4720234571893907,Scale,40,0.6,3.0,10,4,
Uncoordinated,False,0.025272369384765625,False,False,False,False,0,9.24089457574192,5.84359009372905e-05,0.04000000002,0.4879728119923868,Scale,40,0.6,3.0,10,5,
Static priority,False,0.6566047668457031,False,False,False,False,0,10.497134708747653,5.106155297343486e-05,0.028000000020000002,0.5627474413531246,Scale,40,0.6,3.0,10,5,
Continuous only,True,119.40884590148926,False,False,False,False,0,10.194855222363044,5.218318341912548e-05,0.03800000002000001,0.5693251928985007,Scale,40,0.6,3.0,10,5,
CP-SAT,True,8.19540023803711,False,False,False,False,0,9.941317972758425,5.552583686716502e-05,0.03000000002,0.5369896022343297,Scale,40,0.6,3.0,10,5,
VeriXApp,True,117.32912063598633,False,False,False,False,0,10.194855222363044,5.218318341912548e-05,0.03800000002000001,0.5693251928985007,Scale,40,0.6,3.0,10,5,
Uncoordinated,False,0.0247955322265625,False,False,False,False,0,12.773554698227152,4.258798845363711e-05,0.038000000019999994,0.47590940822983385,Scale,40,0.6,3.0,10,6,
Static priority,False,0.8742809295654297,False,False,False,False,0,11.430031212817054,4.6894010175489014e-05,0.034000000020000004,0.4550405017311217,Scale,40,0.6,3.0,10,6,
Continuous only,True,302.7496337890625,False,False,False,False,0,12.599537715845576,4.254124334465934e-05,0.036000000020000006,0.4846025706764851,Scale,40,0.6,3.0,10,6,
CP-SAT,True,8.315563201904297,False,False,False,False,0,13.823610322353334,3.935296115229248e-05,0.042000000020000004,0.503799850585102,Scale,40,0.6,3.0,10,6,
VeriXApp,True,299.4387149810791,False,False,False,False,0,12.599537715845576,4.254124334465934e-05,0.036000000020000006,0.4846025706764851,Scale,40,0.6,3.0,10,6,
Uncoordinated,False,0.025272369384765625,False,False,False,False,0,12.983647028343453,4.2515018992350724e-05,0.04000000002,0.44560570542232514,Scale,40,0.6,3.0,10,7,
Static priority,False,0.7522106170654297,False,False,False,False,0,12.53374342555037,4.3083696679093945e-05,0.03200000002,0.47345623130696873,Scale,40,0.6,3.0,10,7,
Continuous only,True,124.82666969299316,False,False,False,False,0,12.40320020316876,4.35371509896326e-05,0.03200000002,0.5267395607786702,Scale,40,0.6,3.0,10,7,
CP-SAT,True,73.01878929138184,False,False,False,False,0,13.811262525092197,3.996738162040803e-05,0.02800000002,0.4784111252355631,Scale,40,0.6,3.0,10,7,
VeriXApp,True,128.04388999938965,False,False,False,False,0,12.40320020316876,4.35371509896326e-05,0.03200000002,0.5267395607786702,Scale,40,0.6,3.0,10,7,
Uncoordinated,False,0.027894973754882812,False,False,False,False,0,13.419569147466596,4.1133958470209823e-05,0.020000000020000002,0.40905861002466104,Scale,40,0.6,3.0,10,8,
Static priority,False,0.5750656127929688,False,False,False,False,0,11.081309432910809,4.8730703105919335e-05,0.024000000020000002,0.3471184051268053,Scale,40,0.6,3.0,10,8,
Continuous only,True,311.30313873291016,False,False,False,False,0,9.504616539712444,5.639364805097296e-05,0.034000000020000004,0.28051522764812614,Scale,40,0.6,3.0,10,8,
CP-SAT,True,9.456396102905273,False,False,False,False,0,11.532075333556014,4.717277543419004e-05,0.02600000002,0.3477272533291228,Scale,40,0.6,3.0,10,8,
VeriXApp,True,309.3605041503906,False,False,False,False,0,9.504616539712444,5.639364805097296e-05,0.034000000020000004,0.28051522764812614,Scale,40,0.6,3.0,10,8,
Uncoordinated,False,0.02765655517578125,False,False,False,False,0,13.941178155598369,4.0455691312825966e-05,0.03200000002,0.46711525462131864,Scale,40,0.6,3.0,10,9,
Static priority,False,1.2326240539550781,False,False,False,False,0,12.726857123812692,4.305854891500746e-05,0.03200000002,0.4943919251007841,Scale,40,0.6,3.0,10,9,
Continuous only,True,333.65797996520996,False,False,False,False,0,12.020454039252543,4.22612988112709e-05,0.03200000002,0.5009326291986859,Scale,40,0.6,3.0,10,9,
CP-SAT,True,13.376712799072266,False,False,False,False,0,12.649950774107134,4.363653344247591e-05,0.034000000020000004,0.41551126323725,Scale,40,0.6,3.0,10,9,
VeriXApp,True,337.96000480651855,False,False,False,False,0,12.020454039252543,4.22612988112709e-05,0.03200000002,0.5009326291986859,Scale,40,0.6,3.0,10,9,
Uncoordinated,False,0.025033950805664062,False,False,False,False,0,14.826151297963303,3.669192287783616e-05,0.034000000020000004,0.5679717460357463,Scale,40,0.6,3.0,10,10,
Static priority,False,1.2080669403076172,False,False,False,False,0,14.21041550143957,3.856326368109965e-05,0.03200000002,0.5619500306610663,Scale,40,0.6,3.0,10,10,
Continuous only,True,123.44598770141602,False,False,False,False,0,11.436470587117661,4.7217364473290394e-05,0.03000000002,0.5002716462161979,Scale,40,0.6,3.0,10,10,
CP-SAT,True,9.835243225097656,False,False,False,False,0,12.280780305353169,4.299401071199408e-05,0.034000000020000004,0.5313485745901437,Scale,40,0.6,3.0,10,10,
VeriXApp,True,120.54038047790527,False,False,False,False,0,11.436470587117661,4.7217364473290394e-05,0.03000000002,0.5002716462161979,Scale,40,0.6,3.0,10,10,
Uncoordinated,False,0.0247955322265625,False,False,False,False,0,8.92393462284674,6.185612326056145e-05,0.034000000020000004,0.6478495328277925,Scale,40,0.6,3.0,10,11,
Static priority,False,0.8168220520019531,False,False,False,False,0,8.903913005890876,6.109673349684422e-05,0.03000000002,0.6122065781561674,Scale,40,0.6,3.0,10,11,
Continuous only,True,310.5494976043701,False,False,False,False,0,8.404267412878554,6.139738000355516e-05,0.034000000020000004,0.5300036230626326,Scale,40,0.6,3.0,10,11,
CP-SAT,True,8.849143981933594,False,False,False,False,0,9.115890002992904,5.96760162552856e-05,0.028000000020000002,0.671697739014517,Scale,40,0.6,3.0,10,11,
VeriXApp,True,307.1408271789551,False,False,False,False,0,8.404267412878554,6.139738000355516e-05,0.034000000020000004,0.5300036230626326,Scale,40,0.6,3.0,10,11,
Uncoordinated,False,0.026702880859375,False,False,False,False,0,13.794585606772053,3.9435762371356695e-05,0.03200000002,0.38458905385970077,Scale,40,0.6,3.0,10,12,
Static priority,False,0.7960796356201172,False,False,False,False,0,11.70570637600787,4.3055923650451655e-05,0.034000000020000004,0.34636855688295504,Scale,40,0.6,3.0,10,12,
Continuous only,False,179.6894073486328,True,False,False,False,0,11.96082400644474,4.314084044058908e-05,0.028000000020000002,0.3503967343804454,Scale,40,0.6,3.0,10,12,
CP-SAT,True,10.38503646850586,False,False,False,False,0,11.664714765672784,4.4578886877737386e-05,0.03200000002,0.33438489596023274,Scale,40,0.6,3.0,10,12,
VeriXApp,True,183.51340293884277,True,True,True,False,6,12.157555156641543,4.310077094026132e-05,0.028000000020000002,0.34869666900030055,Scale,40,0.6,3.0,10,12,
Uncoordinated,False,0.025033950805664062,False,False,False,False,0,13.246571996054813,4.106722857521311e-05,0.03800000002000001,0.42887414211719277,Scale,40,0.6,3.0,10,13,
Static priority,False,1.2454986572265625,False,False,False,False,0,13.075036146363969,4.007637104282262e-05,0.036000000020000006,0.4449140596381365,Scale,40,0.6,3.0,10,13,
Continuous only,True,117.03872680664062,False,False,False,False,0,13.384250492095644,3.915049261140618e-05,0.034000000020000004,0.4478952447607729,Scale,40,0.6,3.0,10,13,
CP-SAT,True,7.702827453613281,False,False,False,False,0,13.602016085703497,3.999407121505873e-05,0.034000000020000004,0.4480250499680712,Scale,40,0.6,3.0,10,13,
VeriXApp,True,118.51334571838379,False,False,False,False,0,13.384250492095644,3.915049261140618e-05,0.034000000020000004,0.4478952447607729,Scale,40,0.6,3.0,10,13,
Uncoordinated,False,0.0247955322265625,False,False,False,False,0,8.921764102240406,6.14228300277955e-05,0.038000000019999994,0.41334325651805315,Scale,40,0.6,3.0,10,14,
Static priority,False,1.0578632354736328,False,False,False,False,0,10.674275889499928,5.021417898025781e-05,0.034000000020000004,0.4181467557683191,Scale,40,0.6,3.0,10,14,
Continuous only,True,99.13492202758789,False,False,False,False,0,8.325317037366533,6.39014703719058e-05,0.03800000002000001,0.4241724783158148,Scale,40,0.6,3.0,10,14,
CP-SAT,True,10.625839233398438,False,False,False,False,0,9.82756587615719,5.413344532145987e-05,0.034000000020000004,0.45113094447584795,Scale,40,0.6,3.0,10,14,
VeriXApp,True,100.21090507507324,False,False,False,False,0,8.325317037366533,6.39014703719058e-05,0.03800000002000001,0.4241724783158148,Scale,40,0.6,3.0,10,14,
Uncoordinated,False,0.025033950805664062,False,False,False,False,0,10.914884206344214,4.83743107135395e-05,0.03200000002,0.4497079915573065,Scale,40,0.6,3.0,10,15,
Static priority,False,1.4100074768066406,False,False,False,False,0,10.77088630775193,5.0135149937601316e-05,0.03200000002,0.4666428268031061,Scale,40,0.6,3.0,10,15,
Continuous only,False,273.08177947998047,True,False,False,False,0,10.107537726742626,5.144675331007459e-05,0.028000000020000002,0.4512693027790003,Scale,40,0.6,3.0,10,15,
CP-SAT,True,8.779525756835938,False,False,False,False,0,11.715758767320288,4.506750356390002e-05,0.02600000002,0.487196454861221,Scale,40,0.6,3.0,10,15,
VeriXApp,True,273.8378047943115,True,True,True,False,2,10.147048610658771,5.124642839039679e-05,0.03000000002,0.45438680448094376,Scale,40,0.6,3.0,10,15,
Uncoordinated,False,0.025510787963867188,False,False,False,False,0,11.852823450305896,4.589623748980759e-05,0.034000000020000004,0.41346581797637083,Scale,40,0.6,3.0,10,16,
Static priority,False,0.54168701171875,False,False,False,False,0,10.21359954446371,5.4828858088875086e-05,0.04000000002,0.33127745374004025,Scale,40,0.6,3.0,10,16,
Continuous only,True,262.2380256652832,False,False,False,False,0,10.239024292323208,5.625536023308986e-05,0.034000000020000004,0.3369310917926974,Scale,40,0.6,3.0,10,16,
CP-SAT,True,8.905887603759766,False,False,False,False,0,10.43949059357583,5.440878507515791e-05,0.036000000020000006,0.3356175566268822,Scale,40,0.6,3.0,10,16,
VeriXApp,True,260.13994216918945,False,False,False,False,0,10.239024292323208,5.625536023308986e-05,0.034000000020000004,0.3369310917926974,Scale,40,0.6,3.0,10,16,
Uncoordinated,False,0.024557113647460938,False,False,False,False,0,14.97311112335541,3.579750364397781e-05,0.03000000002,0.5291679885875981,Scale,40,0.6,3.0,10,17,
Static priority,False,0.8220672607421875,False,False,False,False,0,14.324727672113145,3.769705172484725e-05,0.026000000020000004,0.4940561687516002,Scale,40,0.6,3.0,10,17,
Continuous only,False,221.95959091186523,True,False,False,False,0,11.80385956272501,4.2020154286340445e-05,0.03800000002000001,0.4514861739121101,Scale,40,0.6,3.0,10,17,
CP-SAT,True,13.840675354003906,False,False,False,False,0,12.281855917286888,4.299024541208243e-05,0.03800000002000001,0.4759054921624035,Scale,40,0.6,3.0,10,17,
VeriXApp,True,221.9846248626709,True,True,True,False,2,11.523181110696855,4.304366955923031e-05,0.04400000002,0.4388156193117648,Scale,40,0.6,3.0,10,17,
Uncoordinated,False,0.025033950805664062,False,False,False,False,0,11.772231485903937,4.55308749782746e-05,0.034000000020000004,0.5314364421229818,Scale,40,0.6,3.0,10,18,
Static priority,False,1.2006759643554688,False,False,False,False,0,11.95382539743242,4.55084445282969e-05,0.028000000020000002,0.5261981616332064,Scale,40,0.6,3.0,10,18,
Continuous only,False,325.0401020050049,True,False,False,False,0,10.34430416901865,5.104258260128971e-05,0.034000000020000004,0.548391180678819,Scale,40,0.6,3.0,10,18,
CP-SAT,True,10.010957717895508,False,False,False,False,0,12.567200995433339,4.296899525966242e-05,0.026000000020000004,0.5641416556304921,Scale,40,0.6,3.0,10,18,
VeriXApp,True,325.23465156555176,True,True,True,False,9,10.101300686248328,5.306247350202115e-05,0.03200000002,0.5370051844144836,Scale,40,0.6,3.0,10,18,
Uncoordinated,False,0.025510787963867188,False,False,False,False,0,10.773253527580502,5.160929319788027e-05,0.036000000020000006,0.5998965617063018,Scale,40,0.6,3.0,10,19,
Static priority,False,0.6883144378662109,False,False,False,False,0,10.628809564415672,5.080531330694576e-05,0.03200000002,0.608291248650687,Scale,40,0.6,3.0,10,19,
Continuous only,True,287.0943546295166,False,False,False,False,0,10.752784657899113,4.947555604670154e-05,0.03800000002000001,0.6117393207197056,Scale,40,0.6,3.0,10,19,
CP-SAT,True,10.539054870605469,False,False,False,False,0,10.936273932454608,4.974271889675509e-05,0.036000000020000006,0.6161375144416581,Scale,40,0.6,3.0,10,19,
VeriXApp,True,278.9745330810547,False,False,False,False,0,10.752784657899113,4.947555604670154e-05,0.03800000002000001,0.6117393207197056,Scale,40,0.6,3.0,10,19,
