scenario,seed,decoder,direct_feasible,violations,kept_pref,decode_ms,repair_success,repair_core,repair_expansions,repair_ms,end2end_ms
S1,42,utility,0,1,0.75,0.094,1,2,0,1.9749,2.0689
S1,42,greedy_fc,1,0,0.6667,0.0298,1,0,0,0.0,0.0298
S1,42,fc_search,1,0,0.6667,0.0619,1,0,0,0.0,0.0619
S1,42,min_conflict,1,0,0.6667,0.1212,1,0,0,0.0,0.1212
S1,43,utility,1,0,0.4167,0.0923,1,0,0,0.0,0.0923
S1,43,greedy_fc,0,6,0.75,0.0268,1,9,2,0.7709,0.7977
S1,43,fc_search,1,0,0.4167,0.0605,1,0,0,0.0,0.0605
S1,43,min_conflict,1,0,0.4167,0.1292,1,0,0,0.0,0.1292
S1,44,utility,0,5,0.8333,0.0637,1,6,0,1.2541,1.3178
S1,44,greedy_fc,0,2,0.75,0.0265,1,5,1,0.5166,0.543
S1,44,fc_search,1,0,0.6667,0.4056,1,0,0,0.0,0.4056
S1,44,min_conflict,1,0,0.4167,0.1414,1,0,0,0.0,0.1414
S1,45,utility,0,2,0.6667,0.0713,1,2,0,0.6218,0.6931
S1,45,greedy_fc,0,3,0.8333,0.0265,1,6,1,0.5986,0.6251
S1,45,fc_search,1,0,0.5833,0.0703,1,0,0,0.0,0.0703
S1,45,min_conflict,1,0,0.5833,0.1134,1,0,0,0.0,0.1134
S1,46,utility,0,4,0.6667,0.0637,1,7,0,0.8783,0.942
S1,46,greedy_fc,0,3,0.75,0.0273,1,4,0,0.5563,0.5836
S1,46,fc_search,1,0,0.5,0.0664,1,0,0,0.0,0.0664
S1,46,min_conflict,1,0,0.5833,0.1466,1,0,0,0.0,0.1466
S1,47,utility,0,2,0.5,0.0653,1,3,0,0.7052,0.7705
S1,47,greedy_fc,0,3,0.6667,0.0264,1,6,1,0.551,0.5774
S1,47,fc_search,1,0,0.4167,0.0887,1,0,0,0.0,0.0887
S1,47,min_conflict,1,0,0.4167,0.1298,1,0,0,0.0,0.1298
S1,48,utility,0,1,0.75,0.0759,1,2,0,0.4611,0.537
S1,48,greedy_fc,0,1,0.75,0.0263,1,2,0,0.3721,0.3984
S1,48,fc_search,1,0,0.6667,0.0996,1,0,0,0.0,0.0996
S1,48,min_conflict,1,0,0.6667,0.1064,1,0,0,0.0,0.1064
S1,49,utility,0,1,0.5833,0.0671,1,2,0,0.4436,0.5107
S1,49,greedy_fc,0,4,0.8333,0.0241,1,9,2,0.7846,0.8087
S1,49,fc_search,1,0,0.5,0.1014,1,0,0,0.0,0.1014
S1,49,min_conflict,1,0,0.5,0.1207,1,0,0,0.0,0.1207
S1,50,utility,0,2,0.75,0.0629,1,4,0,0.6568,0.7197
S1,50,greedy_fc,0,5,0.8333,0.0229,1,4,0,0.4468,0.4697
S1,50,fc_search,1,0,0.5833,0.0927,1,0,0,0.0,0.0927
S1,50,min_conflict,1,0,0.5833,0.1204,1,0,0,0.0,0.1204
S1,51,utility,0,2,0.75,0.0782,1,4,0,0.7038,0.7821
S1,51,greedy_fc,0,1,0.5833,0.0276,1,4,2,0.5288,0.5564
S1,51,fc_search,1,0,0.5833,0.138,1,0,0,0.0,0.138
S1,51,min_conflict,1,0,0.5833,0.1365,1,0,0,0.0,0.1365
S1,52,utility,0,3,0.75,0.071,1,3,0,0.3745,0.4455
S1,52,greedy_fc,0,7,0.8333,0.0275,1,7,0,0.6693,0.6968
S1,52,fc_search,1,0,0.5833,0.3267,1,0,0,0.0,0.3267
S1,52,min_conflict,1,0,0.5833,0.1366,1,0,0,0.0,0.1366
S1,53,utility,0,3,0.6667,0.075,1,4,0,0.5435,0.6184
S1,53,greedy_fc,0,4,0.8333,0.0246,1,8,2,0.7849,0.8095
S1,53,fc_search,1,0,0.5,0.1057,1,0,0,0.0,0.1057
S1,53,min_conflict,1,0,0.5833,0.12,1,0,0,0.0,0.12
S1,54,utility,0,3,0.75,0.0632,1,6,0,0.6781,0.7413
S1,54,greedy_fc,0,3,0.75,0.0264,1,6,0,0.4521,0.4786
S1,54,fc_search,1,0,0.5833,0.1009,1,0,0,0.0,0.1009
S1,54,min_conflict,0,1,0.6667,1.9026,1,4,2,0.5173,2.4199
S1,55,utility,0,3,0.75,0.0645,1,4,0,0.5798,0.6443
S1,55,greedy_fc,0,2,0.75,0.0238,1,3,0,0.4863,0.5101
S1,55,fc_search,1,0,0.5833,0.0508,1,0,0,0.0,0.0508
S1,55,min_conflict,1,0,0.5833,0.1085,1,0,0,0.0,0.1085
S1,56,utility,0,5,0.8333,0.0607,1,6,0,0.8418,0.9024
S1,56,greedy_fc,0,2,0.75,0.0404,1,3,0,0.4193,0.4597
S1,56,fc_search,1,0,0.6667,0.0562,1,0,0,0.0,0.0562
S1,56,min_conflict,1,0,0.6667,0.123,1,0,0,0.0,0.123
S1,57,utility,0,8,1.0,0.0443,1,9,0,1.0439,1.0882
S1,57,greedy_fc,1,0,0.6667,0.0263,1,0,0,0.0,0.0263
S1,57,fc_search,1,0,0.6667,0.0922,1,0,0,0.0,0.0922
S1,57,min_conflict,1,0,0.5833,0.1542,1,0,0,0.0,0.1542
S1,58,utility,0,5,0.9167,0.0649,1,6,0,0.9268,0.9918
S1,58,greedy_fc,1,0,0.6667,0.0254,1,0,0,0.0,0.0254
S1,58,fc_search,1,0,0.6667,0.047,1,0,0,0.0,0.047
S1,58,min_conflict,1,0,0.6667,0.1256,1,0,0,0.0,0.1256
S1,59,utility,0,5,0.8333,0.0559,1,6,0,0.622,0.6778
S1,59,greedy_fc,0,2,0.75,0.0248,1,3,0,0.3722,0.397
S1,59,fc_search,1,0,0.5833,0.0509,1,0,0,0.0,0.0509
S1,59,min_conflict,1,0,0.5833,0.1521,1,0,0,0.0,0.1521
S1,60,utility,0,4,0.8333,0.0695,1,6,0,0.6426,0.7121
S1,60,greedy_fc,0,2,0.75,0.0252,1,3,0,0.4974,0.5226
S1,60,fc_search,1,0,0.6667,0.0818,1,0,0,0.0,0.0818
S1,60,min_conflict,1,0,0.6667,0.1397,1,0,0,0.0,0.1397
S1,61,utility,0,6,0.8333,0.0534,1,7,0,0.8527,0.9061
S1,61,greedy_fc,0,1,0.75,0.0253,1,2,0,0.3283,0.3535
S1,61,fc_search,1,0,0.6667,0.1085,1,0,0,0.0,0.1085
S1,61,min_conflict,1,0,0.5,0.1419,1,0,0,0.0,0.1419
S1,62,utility,0,7,1.0,0.0522,1,9,0,0.9478,1.0
S1,62,greedy_fc,1,0,0.5833,0.0253,1,0,0,0.0,0.0253
S1,62,fc_search,1,0,0.5833,0.0487,1,0,0,0.0,0.0487
S1,62,min_conflict,1,0,0.5833,0.2619,1,0,0,0.0,0.2619
S1,63,utility,0,6,0.8333,0.0497,1,8,0,1.1904,1.2401
S1,63,greedy_fc,0,3,0.8333,0.0265,1,6,0,0.451,0.4775
S1,63,fc_search,1,0,0.5833,0.0578,1,0,0,0.0,0.0578
S1,63,min_conflict,1,0,0.5,0.1378,1,0,0,0.0,0.1378
S1,64,utility,0,3,0.8333,0.0563,1,4,0,0.6973,0.7536
S1,64,greedy_fc,0,1,0.5,0.0267,1,2,0,0.3499,0.3766
S1,64,fc_search,1,0,0.5833,0.2314,1,0,0,0.0,0.2314
S1,64,min_conflict,1,0,0.6667,0.1185,1,0,0,0.0,0.1185
S1,65,utility,0,7,0.9167,0.0505,1,8,0,0.8555,0.9061
S1,65,greedy_fc,0,2,0.6667,0.0249,1,2,0,0.3786,0.4035
S1,65,fc_search,1,0,0.5833,0.0941,1,0,0,0.0,0.0941
S1,65,min_conflict,1,0,0.5833,0.1155,1,0,0,0.0,0.1155
S1,66,utility,0,4,0.9167,0.0625,1,7,0,1.0824,1.1448
S1,66,greedy_fc,0,1,0.75,0.0248,1,2,0,0.4047,0.4296
S1,66,fc_search,1,0,0.6667,0.0987,1,0,0,0.0,0.0987
S1,66,min_conflict,1,0,0.6667,0.1381,1,0,0,0.0,0.1381
S1,67,utility,0,2,0.75,0.0622,1,4,0,0.4951,0.5573
S1,67,greedy_fc,1,0,0.5833,0.0237,1,0,0,0.0,0.0237
S1,67,fc_search,1,0,0.5833,0.0467,1,0,0,0.0,0.0467
S1,67,min_conflict,1,0,0.5833,0.1327,1,0,0,0.0,0.1327
S1,68,utility,0,1,0.6667,0.0668,1,2,0,0.5201,0.5868
S1,68,greedy_fc,0,4,0.8333,0.0266,1,6,0,0.4796,0.5062
S1,68,fc_search,1,0,0.5833,0.0675,1,0,0,0.0,0.0675
S1,68,min_conflict,1,0,0.5833,0.1227,1,0,0,0.0,0.1227
S1,69,utility,0,6,0.9167,0.0503,1,8,0,0.9579,1.0082
S1,69,greedy_fc,1,0,0.5,0.0262,1,0,0,0.0,0.0262
S1,69,fc_search,1,0,0.5,0.0492,1,0,0,0.0,0.0492
S1,69,min_conflict,1,0,0.5,0.2065,1,0,0,0.0,0.2065
S1,70,utility,0,6,1.0,0.0562,1,9,0,1.1429,1.1991
S1,70,greedy_fc,0,1,0.75,0.0265,1,2,0,0.4154,0.4419
S1,70,fc_search,1,0,0.6667,0.0769,1,0,0,0.0,0.0769
S1,70,min_conflict,1,0,0.6667,0.1504,1,0,0,0.0,0.1504
S1,71,utility,0,4,1.0,0.0559,1,5,0,0.4961,0.552
S1,71,greedy_fc,0,1,0.8333,0.0239,1,2,0,0.3843,0.4081
S1,71,fc_search,1,0,0.75,0.0584,1,0,0,0.0,0.0584
S1,71,min_conflict,1,0,0.75,0.1706,1,0,0,0.0,0.1706
S1,72,utility,0,2,0.6667,0.0706,1,3,0,0.4365,0.507
S1,72,greedy_fc,0,4,0.8333,0.0252,1,6,1,0.5949,0.6201
S1,72,fc_search,1,0,0.4167,0.0592,1,0,0,0.0,0.0592
S1,72,min_conflict,1,0,0.5833,0.114,1,0,0,0.0,0.114
S1,73,utility,0,6,0.8333,0.0615,1,9,0,1.1366,1.1981
S1,73,greedy_fc,0,1,0.5833,0.0259,1,2,0,0.3377,0.3635
S1,73,fc_search,1,0,0.4167,0.0631,1,0,0,0.0,0.0631
S1,73,min_conflict,1,0,0.4167,0.1399,1,0,0,0.0,0.1399
S1,74,utility,0,8,1.0,0.0471,1,9,0,1.5521,1.5992
S1,74,greedy_fc,1,0,0.6667,0.0247,1,0,0,0.0,0.0247
S1,74,fc_search,1,0,0.6667,0.0478,1,0,0,0.0,0.0478
S1,74,min_conflict,1,0,0.5,0.1408,1,0,0,0.0,0.1408
S1,75,utility,0,2,0.5833,0.0759,1,3,0,0.4966,0.5725
S1,75,greedy_fc,0,3,0.75,0.0246,1,9,2,0.8079,0.8325
S1,75,fc_search,1,0,0.5,0.1346,1,0,0,0.0,0.1346
S1,75,min_conflict,1,0,0.5,0.1212,1,0,0,0.0,0.1212
S1,76,utility,0,4,0.5833,0.0733,1,7,0,0.7856,0.8589
S1,76,greedy_fc,0,1,0.5833,0.0272,1,4,1,0.5376,0.5648
S1,76,fc_search,1,0,0.4167,0.0583,1,0,0,0.0,0.0583
S1,76,min_conflict,1,0,0.25,0.1403,1,0,0,0.0,0.1403
S1,77,utility,0,1,0.75,0.072,1,2,0,0.5672,0.6392
S1,77,greedy_fc,0,2,0.75,0.0329,1,3,1,0.6673,0.7002
S1,77,fc_search,1,0,0.6667,0.0515,1,0,0,0.0,0.0515
S1,77,min_conflict,1,0,0.6667,0.138,1,0,0,0.0,0.138
S1,78,utility,0,5,0.8333,0.0551,1,7,0,0.8998,0.9549
S1,78,greedy_fc,0,1,0.5,0.027,1,2,0,0.3671,0.3941
S1,78,fc_search,1,0,0.5,0.1023,1,0,0,0.0,0.1023
S1,78,min_conflict,0,1,0.5833,1.8525,1,2,0,0.3838,2.2363
S1,79,utility,0,1,0.75,0.0655,1,2,0,0.5849,0.6505
S1,79,greedy_fc,0,1,0.75,0.0244,1,2,0,0.4006,0.425
S1,79,fc_search,1,0,0.6667,0.0502,1,0,0,0.0,0.0502
S1,79,min_conflict,1,0,0.6667,0.1034,1,0,0,0.0,0.1034
S1,80,utility,0,4,0.8333,0.0572,1,6,0,0.4106,0.4678
S1,80,greedy_fc,0,3,0.75,0.0263,1,8,2,0.6395,0.6659
S1,80,fc_search,1,0,0.4167,0.058,1,0,0,0.0,0.058
S1,80,min_conflict,1,0,0.5,0.1975,1,0,0,0.0,0.1975
S1,81,utility,0,3,0.8333,0.0746,1,6,1,0.7453,0.8199
S1,81,greedy_fc,0,1,0.5833,0.0289,1,8,4,0.8858,0.9148
S1,81,fc_search,1,0,0.5833,0.1342,1,0,0,0.0,0.1342
S1,81,min_conflict,0,1,0.6667,1.8918,1,3,1,0.4667,2.3585
S1,82,utility,0,5,0.9167,0.0569,1,7,0,0.8797,0.9366
S1,82,greedy_fc,0,1,0.5833,0.0278,1,2,0,0.3458,0.3736
S1,82,fc_search,1,0,0.5,0.0979,1,0,0,0.0,0.0979
S1,82,min_conflict,1,0,0.6667,0.1699,1,0,0,0.0,0.1699
S1,83,utility,0,2,0.75,0.0536,1,3,0,0.4609,0.5146
S1,83,greedy_fc,0,3,0.8333,0.0263,1,5,0,0.38,0.4063
S1,83,fc_search,1,0,0.6667,0.0976,1,0,0,0.0,0.0976
S1,83,min_conflict,1,0,0.6667,0.1111,1,0,0,0.0,0.1111
S1,84,utility,0,7,0.75,0.0503,1,8,0,1.1079,1.1582
S1,84,greedy_fc,0,3,0.8333,0.0243,1,5,1,0.5203,0.5446
S1,84,fc_search,1,0,0.5,0.3906,1,0,0,0.0,0.3906
S1,84,min_conflict,1,0,0.5,0.1212,1,0,0,0.0,0.1212
S1,85,utility,0,1,0.6667,0.0713,1,2,0,0.3709,0.4422
S1,85,greedy_fc,0,1,0.75,0.0251,1,6,2,0.6223,0.6475
S1,85,fc_search,1,0,0.6667,0.1478,1,0,0,0.0,0.1478
S1,85,min_conflict,1,0,0.6667,0.1349,1,0,0,0.0,0.1349
S1,86,utility,1,0,0.5833,0.0796,1,0,0,0.0,0.0796
S1,86,greedy_fc,0,3,0.75,0.0222,1,8,2,0.7487,0.7709
S1,86,fc_search,1,0,0.5833,0.0543,1,0,0,0.0,0.0543
S1,86,min_conflict,1,0,0.5833,0.0952,1,0,0,0.0,0.0952
S1,87,utility,0,2,0.6667,0.064,1,3,0,0.5093,0.5733
S1,87,greedy_fc,0,4,0.75,0.0229,1,5,0,0.5648,0.5878
S1,87,fc_search,1,0,0.5833,0.0552,1,0,0,0.0,0.0552
S1,87,min_conflict,1,0,0.5833,0.1236,1,0,0,0.0,0.1236
S1,88,utility,0,7,0.9167,0.0534,1,9,0,1.4893,1.5427
S1,88,greedy_fc,0,1,0.5833,0.027,1,3,1,0.4352,0.4622
S1,88,fc_search,1,0,0.5,0.0538,1,0,0,0.0,0.0538
S1,88,min_conflict,1,0,0.5833,0.1301,1,0,0,0.0,0.1301
S1,89,utility,0,6,0.9167,0.2039,1,8,0,0.8215,1.0253
S1,89,greedy_fc,0,1,0.6667,0.0265,1,2,0,0.3501,0.3765
S1,89,fc_search,1,0,0.5833,0.0982,1,0,0,0.0,0.0982
S1,89,min_conflict,1,0,0.5833,0.1548,1,0,0,0.0,0.1548
S1,90,utility,0,2,0.5833,0.0677,1,3,0,0.4964,0.564
S1,90,greedy_fc,0,5,0.75,0.0259,1,7,0,0.5963,0.6222
S1,90,fc_search,1,0,0.4167,0.0993,1,0,0,0.0,0.0993
S1,90,min_conflict,1,0,0.4167,0.1274,1,0,0,0.0,0.1274
S1,91,utility,0,4,0.6667,0.0567,1,5,0,0.959,1.0157
S1,91,greedy_fc,0,1,0.5833,0.0268,1,2,0,0.3371,0.3639
S1,91,fc_search,1,0,0.5,0.1128,1,0,0,0.0,0.1128
S1,91,min_conflict,1,0,0.5,0.157,1,0,0,0.0,0.157
S2,42,utility,0,8,0.7778,0.1432,1,11,0,0.9099,1.0531
S2,42,greedy_fc,0,2,0.6667,0.0364,1,3,0,0.459,0.4954
S2,42,fc_search,1,0,0.5556,0.1014,1,0,0,0.0,0.1014
S2,42,min_conflict,1,0,0.5556,0.354,1,0,0,0.0,0.354
S2,43,utility,0,8,0.7778,0.1274,1,13,0,1.3982,1.5256
S2,43,greedy_fc,0,2,0.6111,0.0409,1,11,2,1.4789,1.5198
S2,43,fc_search,1,0,0.6111,2.5967,1,0,0,0.0,2.5967
S2,43,min_conflict,1,0,0.6111,0.248,1,0,0,0.0,0.248
S2,44,utility,0,5,0.7222,0.1116,1,8,0,1.1176,1.2292
S2,44,greedy_fc,0,4,0.7778,0.0406,1,7,2,0.911,0.9517
S2,44,fc_search,1,0,0.6111,0.1079,1,0,0,0.0,0.1079
S2,44,min_conflict,1,0,0.5556,0.2717,1,0,0,0.0,0.2717
S2,45,utility,0,1,0.8333,0.146,1,2,0,0.5012,0.6472
S2,45,greedy_fc,0,5,0.8333,0.0393,1,7,0,0.6241,0.6634
S2,45,fc_search,1,0,0.7778,14.466,1,0,0,0.0,14.466
S2,45,min_conflict,1,0,0.7778,0.212,1,0,0,0.0,0.212
S2,46,utility,0,7,0.8333,0.1301,1,9,0,1.3188,1.4489
S2,46,greedy_fc,0,4,0.8333,0.0469,1,7,0,0.5645,0.6115
S2,46,fc_search,1,0,0.6111,0.1125,1,0,0,0.0,0.1125
S2,46,min_conflict,1,0,0.5,0.3106,1,0,0,0.0,0.3106
S2,47,utility,0,5,0.6667,0.1251,1,7,0,0.9222,1.0473
S2,47,greedy_fc,0,5,0.8333,0.0377,1,7,1,0.6703,0.708
S2,47,fc_search,0,5,0.8333,50.1007,1,7,1,0.7219,50.8226
S2,47,min_conflict,1,0,0.5556,0.2322,1,0,0,0.0,0.2322
S2,48,utility,0,1,0.6111,0.3472,1,2,0,0.787,1.1343
S2,48,greedy_fc,0,9,0.8333,0.0432,1,11,1,1.1966,1.2397
S2,48,fc_search,1,0,0.5556,0.1364,1,0,0,0.0,0.1364
S2,48,min_conflict,1,0,0.5556,0.2306,1,0,0,0.0,0.2306
S2,49,utility,0,7,0.7222,0.1274,1,11,0,1.837,1.9644
S2,49,greedy_fc,0,3,0.7222,0.0414,1,5,0,0.524,0.5654
S2,49,fc_search,1,0,0.4444,9.4081,1,0,0,0.0,9.4081
S2,49,min_conflict,1,0,0.5556,0.2884,1,0,0,0.0,0.2884
S2,50,utility,0,3,0.6667,0.1431,1,6,0,0.6345,0.7777
S2,50,greedy_fc,0,3,0.7222,0.0348,1,4,0,0.5058,0.5406
S2,50,fc_search,1,0,0.5556,0.0842,1,0,0,0.0,0.0842
S2,50,min_conflict,1,0,0.6111,0.2836,1,0,0,0.0,0.2836
S2,51,utility,0,5,0.6667,0.1281,1,7,0,1.0536,1.1817
S2,51,greedy_fc,0,7,0.7778,0.0397,1,15,2,1.2133,1.253
S2,51,fc_search,1,0,0.4444,0.2569,1,0,0,0.0,0.2569
S2,51,min_conflict,1,0,0.5,0.4664,1,0,0,0.0,0.4664
S2,52,utility,0,5,0.8333,0.132,1,8,0,0.9779,1.1099
S2,52,greedy_fc,0,3,0.6667,0.041,1,6,0,0.6733,0.7143
S2,52,fc_search,1,0,0.5556,1.1815,1,0,0,0.0,1.1815
S2,52,min_conflict,1,0,0.6111,0.4266,1,0,0,0.0,0.4266
S2,53,utility,0,8,0.7778,0.1333,1,12,0,1.432,1.5652
S2,53,greedy_fc,0,1,0.6111,0.0417,1,8,3,0.9361,0.9778
S2,53,fc_search,1,0,0.5556,0.1546,1,0,0,0.0,0.1546
S2,53,min_conflict,1,0,0.5,0.2761,1,0,0,0.0,0.2761
S2,54,utility,0,5,0.7778,0.1341,1,9,0,1.2306,1.3647
S2,54,greedy_fc,0,6,0.7222,0.0434,1,14,3,1.8616,1.905
S2,54,fc_search,1,0,0.5556,1.5352,1,0,0,0.0,1.5352
S2,54,min_conflict,1,0,0.6111,0.3547,1,0,0,0.0,0.3547
S2,55,utility,0,1,0.6667,0.143,1,2,0,0.4105,0.5535
S2,55,greedy_fc,0,7,0.8889,0.0371,1,8,0,0.9052,0.9422
S2,55,fc_search,1,0,0.6111,0.0951,1,0,0,0.0,0.0951
S2,55,min_conflict,0,1,0.7222,2.8683,1,4,1,0.5936,3.4619
S2,56,utility,0,7,0.7778,0.1805,1,10,0,0.8959,1.0765
S2,56,greedy_fc,0,4,0.6667,0.0437,1,15,2,1.5223,1.566
S2,56,fc_search,1,0,0.6111,0.1283,1,0,0,0.0,0.1283
S2,56,min_conflict,1,0,0.5,0.2686,1,0,0,0.0,0.2686
S2,57,utility,0,6,0.7222,0.1151,1,10,0,1.1431,1.2582
S2,57,greedy_fc,0,6,0.8333,0.0372,1,8,1,1.179,1.2162
S2,57,fc_search,1,0,0.6111,0.0894,1,0,0,0.0,0.0894
S2,57,min_conflict,0,1,0.5,2.8173,1,3,1,0.5307,3.348
S2,58,utility,0,9,0.6667,0.1407,1,12,0,1.0791,1.2198
S2,58,greedy_fc,0,4,0.6667,0.0398,1,6,0,0.5045,0.5443
S2,58,fc_search,1,0,0.3889,0.122,1,0,0,0.0,0.122
S2,58,min_conflict,0,2,0.5556,2.7685,1,7,3,0.8305,3.599
S2,59,utility,0,9,0.8333,0.1399,1,12,0,1.4419,1.5818
S2,59,greedy_fc,0,6,0.7778,0.0366,1,9,1,1.1189,1.1555
S2,59,fc_search,1,0,0.6111,1.3333,1,0,0,0.0,1.3333
S2,59,min_conflict,1,0,0.5,0.3064,1,0,0,0.0,0.3064
S2,60,utility,0,8,0.6667,0.1314,1,10,0,0.8549,0.9863
S2,60,greedy_fc,0,2,0.6667,0.0392,1,4,0,0.7221,0.7613
S2,60,fc_search,1,0,0.5,0.089,1,0,0,0.0,0.089
S2,60,min_conflict,1,0,0.5556,0.2652,1,0,0,0.0,0.2652
S2,61,utility,0,5,0.7778,0.1114,1,10,0,0.9766,1.0881
S2,61,greedy_fc,0,4,0.7222,0.0504,1,6,1,0.6418,0.6922
S2,61,fc_search,1,0,0.6111,0.0825,1,0,0,0.0,0.0825
S2,61,min_conflict,1,0,0.5556,0.2208,1,0,0,0.0,0.2208
S2,62,utility,0,3,0.6667,0.1458,1,5,0,0.5446,0.6905
S2,62,greedy_fc,0,5,0.8889,0.0366,1,13,2,1.2557,1.2924
S2,62,fc_search,1,0,0.5,0.1419,1,0,0,0.0,0.1419
S2,62,min_conflict,1,0,0.5,0.2416,1,0,0,0.0,0.2416
S2,63,utility,0,9,0.7778,0.1309,1,13,0,1.635,1.7659
S2,63,greedy_fc,0,6,0.7222,0.0407,1,13,2,1.9959,2.0366
S2,63,fc_search,1,0,0.4444,1.2703,1,0,0,0.0,1.2703
S2,63,min_conflict,0,2,0.5556,2.7699,1,4,0,0.519,3.2889
S2,64,utility,0,4,0.7778,0.1402,1,5,0,0.9375,1.0777
S2,64,greedy_fc,0,3,0.7778,0.0411,1,7,1,1.0299,1.071
S2,64,fc_search,1,0,0.6111,0.5552,1,0,0,0.0,0.5552
S2,64,min_conflict,0,1,0.7222,2.8654,1,3,1,0.506,3.3715
S2,65,utility,0,6,0.7222,0.163,1,9,0,1.072,1.235
S2,65,greedy_fc,0,5,0.7222,0.0477,1,8,0,8.4398,8.4875
S2,65,fc_search,1,0,0.5,39.9671,1,0,0,0.0,39.9671
S2,65,min_conflict,1,0,0.4444,0.3627,1,0,0,0.0,0.3627
S2,66,utility,0,7,0.5556,0.1423,1,11,0,0.8774,1.0197
S2,66,greedy_fc,0,4,0.7222,0.04,1,9,2,1.096,1.136
S2,66,fc_search,1,0,0.5,0.2177,1,0,0,0.0,0.2177
S2,66,min_conflict,0,1,0.5556,2.8595,1,2,0,0.424,3.2835
S2,67,utility,0,3,0.7778,0.1625,1,7,1,1.0668,1.2293
S2,67,greedy_fc,0,1,0.7222,0.038,1,3,1,0.5122,0.5502
S2,67,fc_search,1,0,0.6111,0.1158,1,0,0,0.0,0.1158
S2,67,min_conflict,0,1,0.7222,3.0305,1,3,1,0.4778,3.5083
S2,68,utility,0,7,0.9444,0.1531,1,11,0,1.2542,1.4073
S2,68,greedy_fc,0,1,0.7222,0.0396,1,5,2,0.7853,0.8249
S2,68,fc_search,1,0,0.6111,0.698,1,0,0,0.0,0.698
S2,68,min_conflict,1,0,0.5556,0.3167,1,0,0,0.0,0.3167
S2,69,utility,0,6,0.8889,0.1282,1,15,3,2.7117,2.8399
S2,69,greedy_fc,0,2,0.6667,0.0371,1,9,3,1.3164,1.3535
S2,69,fc_search,1,0,0.5556,11.2616,1,0,0,0.0,11.2616
S2,69,min_conflict,0,1,0.7222,2.9196,1,5,3,0.6959,3.6155
S2,70,utility,0,7,0.7222,0.1135,1,12,0,1.041,1.1545
S2,70,greedy_fc,0,5,0.8333,0.0384,1,13,2,1.7648,1.8032
S2,70,fc_search,1,0,0.3889,0.2695,1,0,0,0.0,0.2695
S2,70,min_conflict,0,2,0.6111,2.9666,1,11,4,1.9356,4.9021
S2,71,utility,0,6,0.8333,0.1193,1,9,1,0.8938,1.0131
S2,71,greedy_fc,0,2,0.7778,0.0398,1,4,0,0.4379,0.4777
S2,71,fc_search,1,0,0.6667,0.123,1,0,0,0.0,0.123
S2,71,min_conflict,1,0,0.6667,0.2825,1,0,0,0.0,0.2825
S2,72,utility,0,4,0.7778,0.1337,1,10,2,1.33,1.4637
S2,72,greedy_fc,0,6,0.8889,0.0417,1,15,4,1.8863,1.928
S2,72,fc_search,1,0,0.6111,0.0845,1,0,0,0.0,0.0845
S2,72,min_conflict,0,3,0.7222,2.8745,1,10,2,1.3556,4.23
S2,73,utility,0,8,0.8333,0.1801,1,12,1,1.6989,1.879
S2,73,greedy_fc,0,7,0.6667,0.0444,1,11,1,1.2512,1.2956
S2,73,fc_search,1,0,0.5,0.1006,1,0,0,0.0,0.1006
S2,73,min_conflict,0,1,0.6111,2.8187,1,3,1,0.51,3.3286
S2,74,utility,0,9,0.8333,0.125,1,13,0,1.4939,1.6189
S2,74,greedy_fc,0,1,0.6111,0.0382,1,5,1,0.65,0.6882
S2,74,fc_search,1,0,0.5556,0.2416,1,0,0,0.0,0.2416
S2,74,min_conflict,1,0,0.4444,0.244,1,0,0,0.0,0.244
S2,75,utility,0,9,0.7222,0.1276,1,9,0,0.6273,0.755
S2,75,greedy_fc,0,7,0.8333,0.0402,1,12,1,0.9218,0.9619
S2,75,fc_search,1,0,0.5,10.1923,1,0,0,0.0,10.1923
S2,75,min_conflict,0,2,0.6667,3.0929,1,13,2,1.4314,4.5243
S2,76,utility,0,8,0.7222,0.1243,1,13,0,1.5659,1.6902
S2,76,greedy_fc,0,6,0.6667,0.0443,1,8,0,0.7191,0.7634
S2,76,fc_search,1,0,0.3889,22.6792,1,0,0,0.0,22.6792
S2,76,min_conflict,1,0,0.3333,0.2976,1,0,0,0.0,0.2976
S2,77,utility,0,2,0.5556,0.1259,1,4,0,0.6594,0.7853
S2,77,greedy_fc,0,9,0.9444,0.0397,1,11,1,0.7242,0.764
S2,77,fc_search,1,0,0.4444,0.1252,1,0,0,0.0,0.1252
S2,77,min_conflict,1,0,0.4444,0.2002,1,0,0,0.0,0.2002
S2,78,utility,0,3,0.5556,0.1596,1,5,0,0.9336,1.0931
S2,78,greedy_fc,0,5,0.7778,0.0391,1,11,2,1.6169,1.6559
S2,78,fc_search,1,0,0.5,0.4243,1,0,0,0.0,0.4243
S2,78,min_conflict,1,0,0.5,0.2654,1,0,0,0.0,0.2654
S2,79,utility,0,6,0.8333,0.1179,1,7,0,0.9661,1.084
S2,79,greedy_fc,0,4,0.7778,0.0399,1,5,0,0.5604,0.6002
S2,79,fc_search,1,0,0.6111,0.3849,1,0,0,0.0,0.3849
S2,79,min_conflict,1,0,0.6111,0.2606,1,0,0,0.0,0.2606
S2,80,utility,0,6,0.7778,0.1195,1,9,0,0.7085,0.828
S2,80,greedy_fc,0,5,0.7778,0.0375,1,12,1,1.6007,1.6382
S2,80,fc_search,1,0,0.4444,0.1563,1,0,0,0.0,0.1563
S2,80,min_conflict,1,0,0.5,0.3016,1,0,0,0.0,0.3016
S2,81,utility,0,8,0.9444,0.0993,1,12,0,1.0094,1.1086
S2,81,greedy_fc,0,4,0.7222,0.0415,1,6,0,0.6204,0.6619
S2,81,fc_search,1,0,0.3889,0.0947,1,0,0,0.0,0.0947
S2,81,min_conflict,0,1,0.6111,2.8467,1,2,0,0.423,3.2696
S2,82,utility,0,5,0.7222,0.1435,1,9,0,0.9473,1.0908
S2,82,greedy_fc,0,5,0.7222,0.0413,1,11,1,1.6908,1.7321
S2,82,fc_search,1,0,0.5,29.6665,1,0,0,0.0,29.6665
S2,82,min_conflict,1,0,0.5,0.2665,1,0,0,0.0,0.2665
S2,83,utility,0,2,0.7222,0.1318,1,4,0,0.6331,0.765
S2,83,greedy_fc,0,7,0.9444,0.0362,1,10,2,1.4586,1.4947
S2,83,fc_search,1,0,0.6111,0.11,1,0,0,0.0,0.11
S2,83,min_conflict,1,0,0.6111,0.2098,1,0,0,0.0,0.2098
S2,84,utility,0,5,0.7778,0.1221,1,10,0,1.2163,1.3383
S2,84,greedy_fc,0,7,0.6667,0.0396,1,7,0,0.7566,0.7962
S2,84,fc_search,1,0,0.5,0.0862,1,0,0,0.0,0.0862
S2,84,min_conflict,1,0,0.5,0.2178,1,0,0,0.0,0.2178
S2,85,utility,0,9,0.7222,0.1186,1,12,0,1.6276,1.7462
S2,85,greedy_fc,0,7,0.7778,0.0393,1,14,2,1.7013,1.7406
S2,85,fc_search,1,0,0.4444,0.8528,1,0,0,0.0,0.8528
S2,85,min_conflict,0,1,0.3889,2.8526,1,5,2,0.7018,3.5544
S2,86,utility,0,1,0.5556,0.1558,1,2,0,0.5874,0.7432
S2,86,greedy_fc,0,6,0.7778,0.0374,1,8,1,1.0275,1.0649
S2,86,fc_search,1,0,0.5,0.1723,1,0,0,0.0,0.1723
S2,86,min_conflict,1,0,0.5,0.2137,1,0,0,0.0,0.2137
S2,87,utility,0,4,0.6111,0.1238,1,7,0,1.1944,1.3183
S2,87,greedy_fc,0,5,0.7778,0.0384,1,6,0,0.5669,0.6053
S2,87,fc_search,1,0,0.5,0.0859,1,0,0,0.0,0.0859
S2,87,min_conflict,1,0,0.4444,0.2203,1,0,0,0.0,0.2203
S2,88,utility,0,7,0.6111,0.1473,1,8,0,0.7218,0.8691
S2,88,greedy_fc,0,5,0.6667,0.0376,1,9,2,1.1185,1.1561
S2,88,fc_search,1,0,0.5,0.4275,1,0,0,0.0,0.4275
S2,88,min_conflict,1,0,0.5,0.2508,1,0,0,0.0,0.2508
S2,89,utility,0,2,0.5,0.1273,1,4,0,0.795,0.9223
S2,89,greedy_fc,0,7,0.7778,0.0406,1,14,1,0.9923,1.0329
S2,89,fc_search,1,0,0.4444,0.1444,1,0,0,0.0,0.1444
S2,89,min_conflict,1,0,0.3889,0.2037,1,0,0,0.0,0.2037
S2,90,utility,0,8,0.8889,0.1198,1,10,0,1.0607,1.1805
S2,90,greedy_fc,0,7,0.7222,0.044,1,9,0,0.8464,0.8903
S2,90,fc_search,1,0,0.6667,0.1131,1,0,0,0.0,0.1131
S2,90,min_conflict,0,1,0.6111,2.7002,1,3,1,0.4758,3.176
S2,91,utility,0,6,0.7222,0.1598,1,9,0,1.3347,1.4944
S2,91,greedy_fc,0,5,0.6667,0.0376,1,6,0,0.4822,0.5198
S2,91,fc_search,1,0,0.5,0.1475,1,0,0,0.0,0.1475
S2,91,min_conflict,1,0,0.4444,0.2407,1,0,0,0.0,0.2407
S3,42,utility,0,6,0.8,0.149,1,8,0,0.7684,0.9173
S3,42,greedy_fc,0,4,0.75,0.0428,1,14,2,1.1956,1.2384
S3,42,fc_search,1,0,0.65,0.096,1,0,0,0.0,0.096
S3,42,min_conflict,1,0,0.65,0.3313,1,0,0,0.0,0.3313
S3,43,utility,0,11,0.85,0.134,1,16,0,1.9139,2.0479
S3,43,greedy_fc,0,3,0.65,0.0423,1,6,1,0.9312,0.9736
S3,43,fc_search,1,0,0.55,2.1228,1,0,0,0.0,2.1228
S3,43,min_conflict,1,0,0.45,0.326,1,0,0,0.0,0.326
S3,44,utility,0,12,0.95,0.1062,1,15,0,1.4229,1.5291
S3,44,greedy_fc,0,4,0.75,0.0429,1,6,0,0.738,0.7809
S3,44,fc_search,1,0,0.55,0.0962,1,0,0,0.0,0.0962
S3,44,min_conflict,0,1,0.6,3.0274,1,3,1,0.4922,3.5196
S3,45,utility,0,9,0.85,0.1785,1,11,0,1.164,1.3425
S3,45,greedy_fc,0,4,0.8,0.0446,1,7,0,0.5478,0.5924
S3,45,fc_search,0,4,0.8,50.1032,1,7,0,0.6109,50.7141
S3,45,min_conflict,0,1,0.5,3.0906,1,11,2,1.2252,4.3158
S3,46,utility,0,6,0.85,0.1683,1,10,0,0.9726,1.1409
S3,46,greedy_fc,0,1,0.7,0.041,1,2,0,0.3993,0.4403
S3,46,fc_search,1,0,0.65,0.091,1,0,0,0.0,0.091
S3,46,min_conflict,1,0,0.55,0.347,1,0,0,0.0,0.347
S3,47,utility,0,2,0.65,0.1775,1,4,0,0.9766,1.1541
S3,47,greedy_fc,0,5,0.7,0.046,1,12,2,1.0898,1.1358
S3,47,fc_search,0,5,0.7,50.127,1,12,2,1.1029,51.2299
S3,47,min_conflict,1,0,0.55,0.2646,1,0,0,0.0,0.2646
S3,48,utility,0,10,0.8,0.1194,1,13,0,1.5724,1.6918
S3,48,greedy_fc,0,6,0.75,0.0461,1,16,2,2.2551,2.3012
S3,48,fc_search,1,0,0.5,0.6887,1,0,0,0.0,0.6887
S3,48,min_conflict,1,0,0.5,0.317,1,0,0,0.0,0.317
S3,49,utility,0,4,0.6,0.1389,1,7,0,0.8389,0.9778
S3,49,greedy_fc,0,4,0.65,0.0461,1,6,1,0.6998,0.7459
S3,49,fc_search,1,0,0.5,0.2879,1,0,0,0.0,0.2879
S3,49,min_conflict,1,0,0.45,0.2599,1,0,0,0.0,0.2599
S3,50,utility,0,9,0.9,0.1655,1,12,0,1.1934,1.3589
S3,50,greedy_fc,0,4,0.75,0.0444,1,8,1,1.4376,1.482
S3,50,fc_search,1,0,0.6,6.0014,1,0,0,0.0,6.0014
S3,50,min_conflict,0,1,0.6,3.4861,1,11,4,1.395,4.8811
S3,51,utility,0,6,0.75,0.1676,1,9,0,0.7745,0.9421
S3,51,greedy_fc,0,10,0.8,0.0464,1,16,1,1.5482,1.5947
S3,51,fc_search,1,0,0.65,0.1435,1,0,0,0.0,0.1435
S3,51,min_conflict,1,0,0.6,0.4139,1,0,0,0.0,0.4139
S3,52,utility,0,15,0.95,0.1035,1,18,0,2.8254,2.9288
S3,52,greedy_fc,0,2,0.6,0.0451,1,4,0,0.4548,0.5
S3,52,fc_search,1,0,0.5,0.1806,1,0,0,0.0,0.1806
S3,52,min_conflict,1,0,0.4,0.3449,1,0,0,0.0,0.3449
S3,53,utility,0,7,0.8,0.1483,1,11,0,1.9651,2.1134
S3,53,greedy_fc,0,6,0.7,0.0427,1,8,0,0.7378,0.7805
S3,53,fc_search,1,0,0.55,0.691,1,0,0,0.0,0.691
S3,53,min_conflict,1,0,0.55,0.3093,1,0,0,0.0,0.3093
S3,54,utility,0,9,0.85,0.1383,1,13,0,1.7492,1.8874
S3,54,greedy_fc,0,3,0.6,0.0407,1,4,0,0.5067,0.5475
S3,54,fc_search,1,0,0.45,0.1106,1,0,0,0.0,0.1106
S3,54,min_conflict,0,1,0.6,3.0685,1,10,2,1.1861,4.2546
S3,55,utility,0,12,0.85,0.1706,1,15,0,1.9982,2.1687
S3,55,greedy_fc,0,3,0.7,0.0479,1,6,1,0.662,0.7099
S3,55,fc_search,1,0,0.5,0.3134,1,0,0,0.0,0.3134
S3,55,min_conflict,1,0,0.5,0.4862,1,0,0,0.0,0.4862
S3,56,utility,0,11,0.8,0.1337,1,14,0,2.0901,2.2238
S3,56,greedy_fc,0,4,0.65,0.0489,1,8,2,1.0438,1.0928
S3,56,fc_search,1,0,0.45,0.1304,1,0,0,0.0,0.1304
S3,56,min_conflict,0,1,0.45,3.0347,1,6,3,0.7174,3.7521
S3,57,utility,0,12,0.85,0.2062,1,15,0,1.7223,1.9285
S3,57,greedy_fc,0,1,0.65,0.0421,1,2,0,0.3606,0.4028
S3,57,fc_search,1,0,0.6,0.2753,1,0,0,0.0,0.2753
S3,57,min_conflict,1,0,0.45,0.3612,1,0,0,0.0,0.3612
S3,58,utility,0,10,0.85,0.1631,1,15,0,1.028,1.1911
S3,58,greedy_fc,0,5,0.75,0.043,1,9,1,0.8333,0.8763
S3,58,fc_search,0,5,0.75,50.1473,1,9,1,1.1005,51.2479
S3,58,min_conflict,0,1,0.5,3.2915,1,4,1,0.6558,3.9473
S3,59,utility,0,12,0.9,0.1309,1,13,0,1.7317,1.8627
S3,59,greedy_fc,0,5,0.65,0.0485,1,16,2,2.1873,2.2358
S3,59,fc_search,1,0,0.55,0.1478,1,0,0,0.0,0.1478
S3,59,min_conflict,1,0,0.55,0.2994,1,0,0,0.0,0.2994
S3,60,utility,0,11,0.75,0.1291,1,11,0,1.5426,1.6716
S3,60,greedy_fc,0,7,0.75,0.0483,1,9,1,1.0036,1.0519
S3,60,fc_search,1,0,0.4,0.12,1,0,0,0.0,0.12
S3,60,min_conflict,1,0,0.45,0.32,1,0,0,0.0,0.32
S3,61,utility,0,7,0.85,0.1346,1,13,0,1.3581,1.4927
S3,61,greedy_fc,0,3,0.7,0.0513,1,12,3,1.9476,1.9989
S3,61,fc_search,0,3,0.7,50.1029,1,12,3,2.0835,52.1864
S3,61,min_conflict,1,0,0.55,0.2981,1,0,0,0.0,0.2981
S3,62,utility,0,9,0.8,0.1313,1,13,0,1.416,1.5473
S3,62,greedy_fc,0,5,0.7,0.0459,1,13,2,1.7796,1.8255
S3,62,fc_search,1,0,0.55,1.2831,1,0,0,0.0,1.2831
S3,62,min_conflict,1,0,0.45,0.3033,1,0,0,0.0,0.3033
S3,63,utility,0,4,0.75,0.1859,1,5,0,0.9405,1.1264
S3,63,greedy_fc,0,4,0.75,0.0507,1,5,2,0.7008,0.7514
S3,63,fc_search,1,0,0.6,44.2514,1,0,0,0.0,44.2514
S3,63,min_conflict,1,0,0.65,0.3061,1,0,0,0.0,0.3061
S3,64,utility,0,5,0.75,0.1543,1,7,0,0.995,1.1493
S3,64,greedy_fc,0,4,0.8,0.0425,1,8,1,0.8176,0.8601
S3,64,fc_search,1,0,0.6,1.7284,1,0,0,0.0,1.7284
S3,64,min_conflict,1,0,0.65,0.2536,1,0,0,0.0,0.2536
S3,65,utility,0,11,0.8,0.1282,1,13,0,1.2003,1.3285
S3,65,greedy_fc,0,7,0.8,0.0431,1,8,0,1.3451,1.3881
S3,65,fc_search,1,0,0.5,0.1055,1,0,0,0.0,0.1055
S3,65,min_conflict,1,0,0.45,0.2914,1,0,0,0.0,0.2914
S3,66,utility,0,2,0.7,0.171,1,3,0,0.7195,0.8906
S3,66,greedy_fc,0,4,0.75,0.0456,1,9,2,0.9233,0.969
S3,66,fc_search,1,0,0.65,2.73,1,0,0,0.0,2.73
S3,66,min_conflict,1,0,0.6,0.2362,1,0,0,0.0,0.2362
S3,67,utility,0,3,0.75,0.14,1,6,0,0.6093,0.7493
S3,67,greedy_fc,0,4,0.8,0.0413,1,6,0,0.7599,0.8011
S3,67,fc_search,1,0,0.65,0.0972,1,0,0,0.0,0.0972
S3,67,min_conflict,1,0,0.65,0.347,1,0,0,0.0,0.347
S3,68,utility,0,8,0.75,0.1588,1,12,0,1.0897,1.2485
S3,68,greedy_fc,0,6,0.65,0.0471,1,8,0,0.6265,0.6735
S3,68,fc_search,0,6,0.65,50.1097,1,8,0,0.657,50.7667
S3,68,min_conflict,0,1,0.45,3.3415,1,9,2,1.4655,4.807
S3,69,utility,0,10,0.65,0.1318,1,12,0,1.0634,1.1952
S3,69,greedy_fc,0,7,0.7,0.0423,1,8,0,0.8553,0.8975
S3,69,fc_search,1,0,0.5,0.1166,1,0,0,0.0,0.1166
S3,69,min_conflict,0,1,0.45,3.0497,1,3,1,0.5055,3.5552
S3,70,utility,0,11,0.7,0.1841,1,17,1,1.7449,1.9291
S3,70,greedy_fc,0,7,0.7,0.0467,1,14,1,1.3942,1.441
S3,70,fc_search,1,0,0.35,1.0361,1,0,0,0.0,1.0361
S3,70,min_conflict,0,1,0.5,3.3911,1,5,2,0.808,4.1991
S3,71,utility,0,11,0.9,0.1365,1,13,0,1.2925,1.429
S3,71,greedy_fc,0,7,0.8,0.0439,1,7,0,0.6659,0.7099
S3,71,fc_search,1,0,0.6,0.1328,1,0,0,0.0,0.1328
S3,71,min_conflict,1,0,0.6,0.319,1,0,0,0.0,0.319
S3,72,utility,0,7,0.8,0.1403,1,8,0,0.6552,0.7954
S3,72,greedy_fc,1,0,0.65,0.0411,1,0,0,0.0,0.0411
S3,72,fc_search,1,0,0.65,0.3032,1,0,0,0.0,0.3032
S3,72,min_conflict,0,1,0.7,3.4145,1,2,0,0.4469,3.8614
S3,73,utility,0,9,0.95,0.157,1,15,0,1.9775,2.1345
S3,73,greedy_fc,0,6,0.7,0.0448,1,6,0,0.9925,1.0373
S3,73,fc_search,1,0,0.6,0.2222,1,0,0,0.0,0.2222
S3,73,min_conflict,1,0,0.55,0.3732,1,0,0,0.0,0.3732
S3,74,utility,0,5,0.75,0.2152,1,8,0,0.8112,1.0264
S3,74,greedy_fc,0,4,0.7,0.047,1,7,0,0.7325,0.7794
S3,74,fc_search,1,0,0.55,0.0935,1,0,0,0.0,0.0935
S3,74,min_conflict,0,1,0.65,3.1772,1,7,2,1.1421,4.3192
S3,75,utility,0,7,0.9,0.1941,1,9,0,0.9667,1.1608
S3,75,greedy_fc,0,3,0.8,0.0423,1,6,1,0.715,0.7573
S3,75,fc_search,1,0,0.65,0.1852,1,0,0,0.0,0.1852
S3,75,min_conflict,0,1,0.7,3.0625,1,3,1,0.4914,3.5539
S3,76,utility,0,13,0.85,0.1429,1,15,0,2.0233,2.1662
S3,76,greedy_fc,0,6,0.8,0.0474,1,10,0,0.7561,0.8035
S3,76,fc_search,0,6,0.8,50.149,1,10,0,1.0587,51.2077
S3,76,min_conflict,1,0,0.4,0.3761,1,0,0,0.0,0.3761
S3,77,utility,0,10,0.6,0.145,1,14,0,1.0234,1.1684
S3,77,greedy_fc,0,6,0.7,0.0487,1,9,0,0.5747,0.6234
S3,77,fc_search,1,0,0.4,0.1402,1,0,0,0.0,0.1402
S3,77,min_conflict,0,1,0.5,2.9482,1,2,0,0.3726,3.3208
S3,78,utility,0,7,0.75,0.1888,1,11,0,1.1936,1.3824
S3,78,greedy_fc,0,3,0.6,0.0429,1,4,1,0.6672,0.7101
S3,78,fc_search,1,0,0.55,0.1319,1,0,0,0.0,0.1319
S3,78,min_conflict,1,0,0.5,0.3024,1,0,0,0.0,0.3024
S3,79,utility,0,12,0.85,0.1294,1,16,0,2.1137,2.2431
S3,79,greedy_fc,0,4,0.65,0.0444,1,10,1,1.6738,1.7181
S3,79,fc_search,1,0,0.45,0.106,1,0,0,0.0,0.106
S3,79,min_conflict,1,0,0.5,0.3025,1,0,0,0.0,0.3025
S3,80,utility,0,7,0.9,0.1596,1,11,1,1.3459,1.5055
S3,80,greedy_fc,0,1,0.65,0.0478,1,4,2,0.8528,0.9006
S3,80,fc_search,1,0,0.65,0.1075,1,0,0,0.0,0.1075
S3,80,min_conflict,0,1,0.7,3.3581,1,3,1,0.5591,3.9173
S3,81,utility,0,8,0.8,0.1343,1,12,0,1.4919,1.6262
S3,81,greedy_fc,0,7,0.75,0.0474,1,8,0,1.1075,1.155
S3,81,fc_search,1,0,0.6,0.1779,1,0,0,0.0,0.1779
S3,81,min_conflict,1,0,0.55,0.3379,1,0,0,0.0,0.3379
S3,82,utility,0,3,0.7,0.1519,1,5,0,0.6506,0.8025
S3,82,greedy_fc,0,6,0.8,0.0423,1,12,3,1.3534,1.3958
S3,82,fc_search,1,0,0.6,0.0985,1,0,0,0.0,0.0985
S3,82,min_conflict,1,0,0.55,0.2448,1,0,0,0.0,0.2448
S3,83,utility,0,2,0.55,0.1578,1,4,0,0.507,0.6648
S3,83,greedy_fc,0,12,0.85,0.0442,1,13,0,0.7876,0.8318
S3,83,fc_search,1,0,0.55,0.1587,1,0,0,0.0,0.1587
S3,83,min_conflict,1,0,0.55,0.2357,1,0,0,0.0,0.2357
S3,84,utility,0,7,0.7,0.1577,1,10,0,0.7337,0.8914
S3,84,greedy_fc,0,1,0.65,0.0443,1,4,2,0.8653,0.9096
S3,84,fc_search,1,0,0.6,0.1815,1,0,0,0.0,0.1815
S3,84,min_conflict,1,0,0.55,0.2953,1,0,0,0.0,0.2953
S3,85,utility,0,9,0.75,0.151,1,11,0,2.0302,2.1812
S3,85,greedy_fc,0,8,0.85,0.0438,1,9,0,1.1454,1.1892
S3,85,fc_search,1,0,0.45,0.1312,1,0,0,0.0,0.1312
S3,85,min_conflict,0,1,0.5,2.9823,1,3,1,0.5811,3.5634
S3,86,utility,0,1,0.6,0.1609,1,2,0,0.4889,0.6498
S3,86,greedy_fc,0,4,0.75,0.0381,1,14,4,1.5608,1.5989
S3,86,fc_search,1,0,0.55,0.2609,1,0,0,0.0,0.2609
S3,86,min_conflict,1,0,0.55,0.2455,1,0,0,0.0,0.2455
S3,87,utility,0,5,0.7,0.1624,1,10,0,1.098,1.2604
S3,87,greedy_fc,0,3,0.65,0.0407,1,7,3,1.1441,1.1848
S3,87,fc_search,1,0,0.55,0.3955,1,0,0,0.0,0.3955
S3,87,min_conflict,1,0,0.55,0.3314,1,0,0,0.0,0.3314
S3,88,utility,0,2,0.7,0.1508,1,4,0,0.5327,0.6835
S3,88,greedy_fc,0,6,0.65,0.0428,1,8,1,0.8324,0.8752
S3,88,fc_search,1,0,0.55,2.7724,1,0,0,0.0,2.7724
S3,88,min_conflict,1,0,0.6,0.2324,1,0,0,0.0,0.2324
S3,89,utility,0,5,0.85,0.1721,1,9,0,0.871,1.0431
S3,89,greedy_fc,0,5,0.75,0.0446,1,10,2,1.8155,1.8601
S3,89,fc_search,1,0,0.6,0.1312,1,0,0,0.0,0.1312
S3,89,min_conflict,1,0,0.65,0.301,1,0,0,0.0,0.301
S3,90,utility,0,5,0.7,0.1436,1,8,0,1.3767,1.5203
S3,90,greedy_fc,0,8,0.7,0.0458,1,10,0,0.7655,0.8113
S3,90,fc_search,1,0,0.45,0.2112,1,0,0,0.0,0.2112
S3,90,min_conflict,1,0,0.5,0.241,1,0,0,0.0,0.241
S3,91,utility,0,8,0.65,0.1335,1,12,0,1.1126,1.2461
S3,91,greedy_fc,0,11,0.85,0.0446,1,13,0,0.9691,1.0137
S3,91,fc_search,1,0,0.35,0.1097,1,0,0,0.0,0.1097
S3,91,min_conflict,1,0,0.4,0.3527,1,0,0,0.0,0.3527
S4,42,utility,0,11,0.9583,0.1492,1,16,0,1.8121,1.9613
S4,42,greedy_fc,0,3,0.7083,0.0504,1,5,0,0.6658,0.7162
S4,42,fc_search,1,0,0.625,2.698,1,0,0,0.0,2.698
S4,42,min_conflict,1,0,0.5833,0.3372,1,0,0,0.0,0.3372
S4,43,utility,0,8,0.75,0.1509,1,10,0,1.1899,1.3408
S4,43,greedy_fc,0,5,0.7083,0.0622,1,8,0,1.0954,1.1576
S4,43,fc_search,1,0,0.5,0.1504,1,0,0,0.0,0.1504
S4,43,min_conflict,1,0,0.5833,0.2697,1,0,0,0.0,0.2697
S4,44,utility,0,12,0.9167,0.1251,1,14,0,2.7135,2.8386
S4,44,greedy_fc,1,0,0.6667,0.0501,1,0,0,0.0,0.0501
S4,44,fc_search,1,0,0.6667,0.1672,1,0,0,0.0,0.1672
S4,44,min_conflict,1,0,0.5833,0.4451,1,0,0,0.0,0.4451
S4,45,utility,0,5,0.75,0.2073,1,8,0,0.9533,1.1606
S4,45,greedy_fc,0,6,0.75,0.0541,1,10,0,0.8618,0.9159
S4,45,fc_search,1,0,0.5833,0.6714,1,0,0,0.0,0.6714
S4,45,min_conflict,1,0,0.5833,0.3124,1,0,0,0.0,0.3124
S4,46,utility,0,10,0.875,0.1682,1,13,0,1.5783,1.7465
S4,46,greedy_fc,1,0,0.6667,0.0499,1,0,0,0.0,0.0499
S4,46,fc_search,1,0,0.6667,0.1498,1,0,0,0.0,0.1498
S4,46,min_conflict,1,0,0.5,0.3893,1,0,0,0.0,0.3893
S4,47,utility,0,15,0.7917,0.1696,1,17,0,1.2145,1.3841
S4,47,greedy_fc,0,5,0.625,0.0546,1,17,3,2.2865,2.3411
S4,47,fc_search,1,0,0.375,19.1749,1,0,0,0.0,19.1749
S4,47,min_conflict,0,1,0.5,3.5432,1,3,1,0.6643,4.2076
S4,48,utility,0,9,0.7917,0.1579,1,15,0,1.4894,1.6473
S4,48,greedy_fc,0,4,0.625,0.0542,1,15,2,2.0272,2.0814
S4,48,fc_search,1,0,0.5,0.1787,1,0,0,0.0,0.1787
S4,48,min_conflict,0,1,0.5417,3.5621,1,3,1,0.5444,4.1065
S4,49,utility,0,10,0.7917,0.1737,1,14,0,1.7835,1.9572
S4,49,greedy_fc,0,5,0.7083,0.0543,1,14,2,1.25,1.3043
S4,49,fc_search,0,5,0.7083,50.1486,1,14,2,1.4427,51.5912
S4,49,min_conflict,1,0,0.5417,0.4785,1,0,0,0.0,0.4785
S4,50,utility,0,7,0.7917,0.219,1,12,1,1.3603,1.5793
S4,50,greedy_fc,0,3,0.625,0.0563,1,10,1,0.9316,0.9879
S4,50,fc_search,0,3,0.625,50.1454,1,10,1,0.9415,51.0869
S4,50,min_conflict,0,1,0.625,3.628,1,3,1,0.5768,4.2047
S4,51,utility,0,8,0.8333,0.2047,1,12,1,1.5062,1.7109
S4,51,greedy_fc,0,6,0.75,0.0502,1,8,0,0.6123,0.6625
S4,51,fc_search,1,0,0.5833,2.0851,1,0,0,0.0,2.0851
S4,51,min_conflict,1,0,0.6667,0.4801,1,0,0,0.0,0.4801
S4,52,utility,0,17,1.0,0.154,1,20,0,4.5563,4.7103
S4,52,greedy_fc,0,1,0.5417,0.058,1,3,1,0.6009,0.6589
S4,52,fc_search,0,1,0.5417,50.1988,1,3,1,0.6373,50.8361
S4,52,min_conflict,1,0,0.625,0.3831,1,0,0,0.0,0.3831
S4,53,utility,0,12,0.8333,0.2,1,16,0,2.0014,2.2014
S4,53,greedy_fc,0,5,0.6667,0.0511,1,7,0,0.5344,0.5855
S4,53,fc_search,1,0,0.4583,0.2064,1,0,0,0.0,0.2064
S4,53,min_conflict,1,0,0.4167,0.43,1,0,0,0.0,0.43
S4,54,utility,0,17,0.8333,0.1629,1,19,1,2.182,2.345
S4,54,greedy_fc,0,2,0.5833,0.0571,1,3,0,0.6419,0.699
S4,54,fc_search,1,0,0.5,0.1378,1,0,0,0.0,0.1378
S4,54,min_conflict,1,0,0.4167,0.3986,1,0,0,0.0,0.3986
S4,55,utility,0,17,0.9167,0.1491,1,18,0,2.4862,2.6353
S4,55,greedy_fc,0,5,0.6667,0.0569,1,6,0,0.6792,0.7361
S4,55,fc_search,1,0,0.5833,0.1875,1,0,0,0.0,0.1875
S4,55,min_conflict,1,0,0.375,0.5764,1,0,0,0.0,0.5764
S4,56,utility,0,7,0.75,0.1689,1,9,0,0.7895,0.9583
S4,56,greedy_fc,0,6,0.7083,0.0506,1,14,2,1.5736,1.6241
S4,56,fc_search,1,0,0.5833,32.4017,1,0,0,0.0,32.4017
S4,56,min_conflict,1,0,0.5417,0.4016,1,0,0,0.0,0.4016
S4,57,utility,0,13,0.875,0.1735,1,16,0,2.0627,2.2362
S4,57,greedy_fc,0,4,0.7083,0.055,1,11,4,1.8782,1.9332
S4,57,fc_search,1,0,0.5417,0.2146,1,0,0,0.0,0.2146
S4,57,min_conflict,1,0,0.5,0.4365,1,0,0,0.0,0.4365
S4,58,utility,0,15,0.8333,0.1491,1,21,0,2.4854,2.6345
S4,58,greedy_fc,0,6,0.7083,0.0531,1,13,3,2.1963,2.2493
S4,58,fc_search,1,0,0.4583,0.1735,1,0,0,0.0,0.1735
S4,58,min_conflict,0,1,0.5,3.6026,1,5,2,0.7865,4.3891
S4,59,utility,0,15,0.9167,0.1773,1,15,0,2.1361,2.3135
S4,59,greedy_fc,0,7,0.6667,0.0522,1,12,1,1.3441,1.3963
S4,59,fc_search,0,7,0.6667,50.2013,1,12,1,1.5467,51.7479
S4,59,min_conflict,1,0,0.5,0.5505,1,0,0,0.0,0.5505
S4,60,utility,0,11,0.875,0.1893,1,14,0,1.3881,1.5774
S4,60,greedy_fc,0,4,0.625,0.0549,1,7,0,0.7055,0.7604
S4,60,fc_search,1,0,0.5417,0.1667,1,0,0,0.0,0.1667
S4,60,min_conflict,1,0,0.5833,0.3657,1,0,0,0.0,0.3657
S4,61,utility,0,10,0.7083,0.1886,1,16,0,1.6967,1.8853
S4,61,greedy_fc,0,7,0.7917,0.0548,1,18,2,2.6555,2.7103
S4,61,fc_search,1,0,0.4583,2.7853,1,0,0,0.0,2.7853
S4,61,min_conflict,1,0,0.4167,0.5958,1,0,0,0.0,0.5958
S4,62,utility,0,4,0.7917,0.1915,1,6,0,1.0229,1.2144
S4,62,greedy_fc,0,6,0.8333,0.0474,1,8,1,0.7785,0.8259
S4,62,fc_search,0,6,0.8333,50.1542,1,8,1,0.7912,50.9454
S4,62,min_conflict,1,0,0.625,0.3146,1,0,0,0.0,0.3146
S4,63,utility,0,9,0.75,0.2278,1,13,0,1.5628,1.7906
S4,63,greedy_fc,0,4,0.6667,0.0574,1,7,0,0.5983,0.6557
S4,63,fc_search,1,0,0.5833,0.198,1,0,0,0.0,0.198
S4,63,min_conflict,1,0,0.5417,0.4091,1,0,0,0.0,0.4091
S4,64,utility,0,2,0.8333,0.2038,1,4,0,0.4587,0.6625
S4,64,greedy_fc,0,1,0.75,0.0491,1,2,0,0.4606,0.5097
S4,64,fc_search,1,0,0.7917,0.1376,1,0,0,0.0,0.1376
S4,64,min_conflict,1,0,0.7917,0.297,1,0,0,0.0,0.297
S4,65,utility,0,13,0.8333,0.1641,1,16,0,2.0864,2.2505
S4,65,greedy_fc,0,5,0.75,0.0524,1,13,2,1.5217,1.574
S4,65,fc_search,1,0,0.5417,0.5295,1,0,0,0.0,0.5295
S4,65,min_conflict,0,1,0.5833,3.8538,1,2,0,0.4847,4.3385
S4,66,utility,0,9,0.6667,0.1628,1,14,0,1.9487,2.1115
S4,66,greedy_fc,0,7,0.7083,0.0518,1,12,2,1.0404,1.0922
S4,66,fc_search,0,7,0.7083,50.1624,1,12,2,1.1195,51.2819
S4,66,min_conflict,1,0,0.4583,0.3343,1,0,0,0.0,0.3343
S4,67,utility,0,3,0.75,0.2281,1,6,0,0.6437,0.8718
S4,67,greedy_fc,0,5,0.7083,0.0514,1,8,0,0.6002,0.6516
S4,67,fc_search,1,0,0.7083,0.3568,1,0,0,0.0,0.3568
S4,67,min_conflict,1,0,0.6667,0.4093,1,0,0,0.0,0.4093
S4,68,utility,0,7,0.8333,0.1541,1,12,0,1.3818,1.5359
S4,68,greedy_fc,0,8,0.7917,0.06,1,15,2,1.8503,1.9102
S4,68,fc_search,1,0,0.5833,0.1827,1,0,0,0.0,0.1827
S4,68,min_conflict,1,0,0.5833,0.3788,1,0,0,0.0,0.3788
S4,69,utility,0,14,0.75,0.1791,1,19,0,2.174,2.3531
S4,69,greedy_fc,1,0,0.5,0.0572,1,0,0,0.0,0.0572
S4,69,fc_search,1,0,0.5,0.1671,1,0,0,0.0,0.1671
S4,69,min_conflict,0,2,0.4583,3.7582,1,6,1,0.6076,4.3658
S4,70,utility,0,12,0.875,0.1999,1,16,0,1.9988,2.1987
S4,70,greedy_fc,0,3,0.5833,0.0511,1,4,0,0.5453,0.5964
S4,70,fc_search,1,0,0.5417,0.1486,1,0,0,0.0,0.1486
S4,70,min_conflict,0,1,0.5417,3.4652,1,2,0,0.3924,3.8576
S4,71,utility,0,7,0.7917,0.1915,1,13,0,1.5906,1.7821
S4,71,greedy_fc,0,3,0.5833,0.0524,1,5,0,0.5221,0.5745
S4,71,fc_search,0,3,0.5833,50.1657,1,5,0,0.592,50.7577
S4,71,min_conflict,1,0,0.5,0.3538,1,0,0,0.0,0.3538
S4,72,utility,0,12,0.875,0.23,1,16,0,1.2547,1.4847
S4,72,greedy_fc,0,7,0.7917,0.058,1,11,2,1.3669,1.4249
S4,72,fc_search,1,0,0.5417,0.1695,1,0,0,0.0,0.1695
S4,72,min_conflict,1,0,0.5417,0.6072,1,0,0,0.0,0.6072
S4,73,utility,0,8,0.6667,0.1843,1,12,0,1.7306,1.9149
S4,73,greedy_fc,0,8,0.6667,0.0574,1,13,3,1.336,1.3934
S4,73,fc_search,0,8,0.6667,50.1208,1,13,3,1.3441,51.4649
S4,73,min_conflict,0,1,0.5833,3.5018,1,3,1,0.4992,4.001
S4,74,utility,0,10,0.7917,0.1715,1,12,0,1.2431,1.4147
S4,74,greedy_fc,0,1,0.5833,0.0527,1,2,0,0.5761,0.6289
S4,74,fc_search,1,0,0.5833,0.1526,1,0,0,0.0,0.1526
S4,74,min_conflict,0,1,0.5417,3.9594,1,2,0,0.504,4.4634
S4,75,utility,0,16,0.9583,0.1449,1,21,0,3.1881,3.333
S4,75,greedy_fc,1,0,0.5833,0.0533,1,0,0,0.0,0.0533
S4,75,fc_search,1,0,0.5833,0.1392,1,0,0,0.0,0.1392
S4,75,min_conflict,1,0,0.5417,0.416,1,0,0,0.0,0.416
S4,76,utility,0,6,0.6667,0.2055,1,8,0,0.9497,1.1553
S4,76,greedy_fc,0,8,0.7083,0.0561,1,15,3,1.5665,1.6226
S4,76,fc_search,1,0,0.5417,10.7936,1,0,0,0.0,10.7936
S4,76,min_conflict,1,0,0.5,0.3429,1,0,0,0.0,0.3429
S4,77,utility,0,10,0.7917,0.1635,1,14,0,1.7695,1.9331
S4,77,greedy_fc,0,2,0.5833,0.0567,1,5,1,0.7126,0.7693
S4,77,fc_search,1,0,0.4583,0.1576,1,0,0,0.0,0.1576
S4,77,min_conflict,0,1,0.4583,3.5642,1,3,1,0.5436,4.1078
S4,78,utility,0,15,0.875,0.1581,1,20,0,2.9343,3.0924
S4,78,greedy_fc,0,5,0.7083,0.0498,1,6,0,0.7228,0.7725
S4,78,fc_search,1,0,0.5417,0.1808,1,0,0,0.0,0.1808
S4,78,min_conflict,1,0,0.4583,0.3786,1,0,0,0.0,0.3786
S4,79,utility,0,17,0.9167,0.1408,1,20,0,2.5521,2.6929
S4,79,greedy_fc,0,8,0.7917,0.055,1,11,0,0.9881,1.0431
S4,79,fc_search,1,0,0.5,12.8696,1,0,0,0.0,12.8696
S4,79,min_conflict,0,1,0.5417,3.9127,1,12,3,1.845,5.7577
S4,80,utility,0,14,0.9583,0.1662,1,16,0,1.8529,2.0191
S4,80,greedy_fc,1,0,0.5833,0.0507,1,0,0,0.0,0.0507
S4,80,fc_search,1,0,0.5833,0.1346,1,0,0,0.0,0.1346
S4,80,min_conflict,1,0,0.5417,0.3778,1,0,0,0.0,0.3778
S4,81,utility,0,12,0.875,0.1568,1,16,0,2.4371,2.5939
S4,81,greedy_fc,0,1,0.625,0.0485,1,3,1,0.5683,0.6168
S4,81,fc_search,1,0,0.5417,0.1506,1,0,0,0.0,0.1506
S4,81,min_conflict,1,0,0.5417,0.4182,1,0,0,0.0,0.4182
S4,82,utility,0,5,0.6667,0.2055,1,7,0,0.9633,1.1688
S4,82,greedy_fc,0,6,0.625,0.0552,1,10,1,1.0126,1.0677
S4,82,fc_search,1,0,0.5,0.3053,1,0,0,0.0,0.3053
S4,82,min_conflict,1,0,0.5,0.3037,1,0,0,0.0,0.3037
S4,83,utility,0,11,0.7917,0.1688,1,15,0,1.2796,1.4484
S4,83,greedy_fc,0,3,0.625,0.0519,1,7,1,0.816,0.868
S4,83,fc_search,1,0,0.5,0.2664,1,0,0,0.0,0.2664
S4,83,min_conflict,1,0,0.5417,0.3727,1,0,0,0.0,0.3727
S4,84,utility,0,15,0.9167,0.1384,1,15,0,2.4187,2.5571
S4,84,greedy_fc,0,3,0.6667,0.0496,1,4,0,0.8848,0.9344
S4,84,fc_search,1,0,0.5833,0.1655,1,0,0,0.0,0.1655
S4,84,min_conflict,1,0,0.5833,0.3208,1,0,0,0.0,0.3208
S4,85,utility,0,13,0.8333,0.1536,1,15,0,1.9231,2.0767
S4,85,greedy_fc,0,3,0.5417,0.0567,1,6,1,1.0298,1.0865
S4,85,fc_search,1,0,0.4583,0.1704,1,0,0,0.0,0.1704
S4,85,min_conflict,1,0,0.5,0.4012,1,0,0,0.0,0.4012
S4,86,utility,0,12,0.9167,0.1495,1,18,0,2.3452,2.4947
S4,86,greedy_fc,0,1,0.5833,0.0524,1,2,0,0.4808,0.5332
S4,86,fc_search,1,0,0.5833,0.1439,1,0,0,0.0,0.1439
S4,86,min_conflict,1,0,0.5417,0.4994,1,0,0,0.0,0.4994
S4,87,utility,0,5,0.7917,0.1846,1,6,0,0.6662,0.8508
S4,87,greedy_fc,0,4,0.75,0.0542,1,7,1,0.8208,0.8749
S4,87,fc_search,0,4,0.75,50.1613,1,7,1,0.8835,51.0448
S4,87,min_conflict,1,0,0.625,0.3622,1,0,0,0.0,0.3622
S4,88,utility,0,16,1.0,0.1827,1,18,2,2.6943,2.877
S4,88,greedy_fc,0,2,0.7083,0.0538,1,4,2,0.7107,0.7644
S4,88,fc_search,1,0,0.5833,4.6183,1,0,0,0.0,4.6183
S4,88,min_conflict,0,2,0.6667,3.4167,1,5,2,0.8435,4.2602
S4,89,utility,0,8,0.625,0.1854,1,10,0,1.7144,1.8998
S4,89,greedy_fc,0,8,0.875,0.0528,1,11,0,0.65,0.7028
S4,89,fc_search,1,0,0.5417,0.1709,1,0,0,0.0,0.1709
S4,89,min_conflict,1,0,0.4167,0.3275,1,0,0,0.0,0.3275
S4,90,utility,0,8,0.8333,0.1804,1,11,0,1.6059,1.7863
S4,90,greedy_fc,0,7,0.7083,0.0645,1,18,4,2.462,2.5265
S4,90,fc_search,1,0,0.5833,17.7892,1,0,0,0.0,17.7892
S4,90,min_conflict,1,0,0.5833,0.4669,1,0,0,0.0,0.4669
S4,91,utility,0,2,0.625,0.2147,1,4,0,0.9484,1.1632
S4,91,greedy_fc,0,6,0.75,0.0501,1,10,2,1.1004,1.1505
S4,91,fc_search,1,0,0.5417,4.9077,1,0,0,0.0,4.9077
S4,91,min_conflict,1,0,0.5417,0.2964,1,0,0,0.0,0.2964
S5,42,utility,0,10,0.8667,0.2103,1,14,0,2.1404,2.3507
S5,42,greedy_fc,0,10,0.7667,0.0648,1,13,2,1.6359,1.7008
S5,42,fc_search,1,0,0.5667,0.2266,1,0,0,0.0,0.2266
S5,42,min_conflict,0,1,0.6333,4.4512,1,4,1,0.63,5.0813
S5,43,utility,0,9,0.7667,0.2842,1,25,1,2.1413,2.4255
S5,43,greedy_fc,0,10,0.7667,0.0664,1,13,0,0.9499,1.0163
S5,43,fc_search,0,10,0.7667,50.2594,1,13,0,1.0699,51.3293
S5,43,min_conflict,0,2,0.5667,4.331,1,11,1,0.986,5.3171
S5,44,utility,0,14,0.8667,0.2092,1,17,1,2.1879,2.397
S5,44,greedy_fc,0,7,0.6333,0.0759,1,8,0,0.8503,0.9262
S5,44,fc_search,1,0,0.5667,0.2096,1,0,0,0.0,0.2096
S5,44,min_conflict,0,2,0.6667,4.4866,1,18,4,2.3304,6.8169
S5,45,utility,0,4,0.6333,0.4443,1,8,0,0.7507,1.195
S5,45,greedy_fc,0,6,0.6667,0.0733,1,10,1,1.1837,1.257
S5,45,fc_search,0,6,0.6667,50.1783,1,10,1,1.2281,51.4064
S5,45,min_conflict,1,0,0.5333,0.4106,1,0,0,0.0,0.4106
S5,46,utility,0,15,0.9333,0.2489,1,18,0,2.1836,2.4325
S5,46,greedy_fc,0,3,0.7333,0.0636,1,6,1,0.7233,0.7869
S5,46,fc_search,1,0,0.6333,0.1795,1,0,0,0.0,0.1795
S5,46,min_conflict,1,0,0.6,0.5996,1,0,0,0.0,0.5996
S5,47,utility,0,2,0.6,0.2719,1,4,0,0.783,1.0548
S5,47,greedy_fc,0,13,0.7667,0.0691,1,21,2,1.6451,1.7142
S5,47,fc_search,0,13,0.7667,50.1747,1,21,2,1.6826,51.8572
S5,47,min_conflict,1,0,0.5333,0.4027,1,0,0,0.0,0.4027
S5,48,utility,0,17,0.9,0.2401,1,21,0,2.5499,2.79
S5,48,greedy_fc,1,0,0.5667,0.0693,1,0,0,0.0,0.0693
S5,48,fc_search,1,0,0.5667,0.2257,1,0,0,0.0,0.2257
S5,48,min_conflict,0,1,0.5333,4.2056,1,2,0,0.398,4.6037
S5,49,utility,0,13,0.8,0.2798,1,21,0,1.4845,1.7643
S5,49,greedy_fc,0,4,0.6333,0.0697,1,13,2,1.2155,1.2852
S5,49,fc_search,0,4,0.6333,50.2466,1,13,2,1.5873,51.8339
S5,49,min_conflict,0,1,0.5333,4.4526,1,4,1,0.6801,5.1326
S5,50,utility,0,5,0.6667,0.2951,1,9,0,0.9165,1.2117
S5,50,greedy_fc,0,5,0.6667,0.0728,1,20,3,1.9414,2.0141
S5,50,fc_search,0,5,0.6667,50.2159,1,20,3,1.9465,52.1624
S5,50,min_conflict,1,0,0.5667,0.4704,1,0,0,0.0,0.4704
S5,51,utility,0,3,0.6333,0.3044,1,4,0,0.8997,1.204
S5,51,greedy_fc,0,9,0.7,0.0708,1,21,6,2.6638,2.7346
S5,51,fc_search,0,9,0.7,50.1831,1,21,6,2.624,52.8071
S5,51,min_conflict,1,0,0.5333,0.3918,1,0,0,0.0,0.3918
S5,52,utility,0,10,0.8667,0.3123,1,14,0,0.9773,1.2896
S5,52,greedy_fc,0,4,0.8333,0.0636,1,7,0,0.6497,0.7132
S5,52,fc_search,1,0,0.7333,0.2028,1,0,0,0.0,0.2028
S5,52,min_conflict,1,0,0.7,0.5529,1,0,0,0.0,0.5529
S5,53,utility,0,13,0.7667,0.194,1,18,1,1.962,2.156
S5,53,greedy_fc,0,11,0.8,0.0683,1,22,3,2.0324,2.1007
S5,53,fc_search,0,11,0.8,50.227,1,22,3,2.0237,52.2507
S5,53,min_conflict,0,1,0.5667,4.6257,1,4,1,0.6449,5.2706
S5,54,utility,0,11,0.6667,0.207,1,17,0,1.4407,1.6477
S5,54,greedy_fc,0,11,0.8,0.0679,1,15,1,1.49,1.558
S5,54,fc_search,1,0,0.4333,0.2369,1,0,0,0.0,0.2369
S5,54,min_conflict,1,0,0.4667,0.5022,1,0,0,0.0,0.5022
S5,55,utility,0,18,0.9,0.2007,1,23,0,2.2194,2.4201
S5,55,greedy_fc,0,1,0.5,0.0728,1,2,0,0.4341,0.5069
S5,55,fc_search,1,0,0.5,0.1854,1,0,0,0.0,0.1854
S5,55,min_conflict,1,0,0.5,0.5943,1,0,0,0.0,0.5943
S5,56,utility,0,14,0.6667,0.2059,1,17,0,1.8664,2.0723
S5,56,greedy_fc,0,9,0.7333,0.0737,1,13,1,0.9535,1.0272
S5,56,fc_search,1,0,0.5,0.234,1,0,0,0.0,0.234
S5,56,min_conflict,0,3,0.5,4.4836,1,16,3,2.3341,6.8177
S5,57,utility,0,14,0.9,0.2772,1,23,1,2.592,2.8692
S5,57,greedy_fc,0,3,0.6667,0.0678,1,16,3,1.6452,1.7129
S5,57,fc_search,1,0,0.6,0.1857,1,0,0,0.0,0.1857
S5,57,min_conflict,0,1,0.6333,4.6289,1,10,4,1.194,5.8228
S5,58,utility,0,13,0.7667,0.2695,1,17,0,1.7932,2.0628
S5,58,greedy_fc,0,5,0.6667,0.075,1,10,1,1.1479,1.2229
S5,58,fc_search,1,0,0.5333,0.1886,1,0,0,0.0,0.1886
S5,58,min_conflict,0,1,0.6,4.6431,1,3,1,0.5365,5.1796
S5,59,utility,0,4,0.7333,0.3151,1,20,2,1.7601,2.0751
S5,59,greedy_fc,0,8,0.8667,0.0637,1,17,1,1.5463,1.61
S5,59,fc_search,0,8,0.8667,50.191,1,17,1,1.6513,51.8423
S5,59,min_conflict,0,1,0.6333,4.8983,1,3,1,0.6098,5.5081
S5,60,utility,0,13,0.8333,0.2153,1,19,1,2.0558,2.2711
S5,60,greedy_fc,0,6,0.6333,0.0713,1,11,2,1.2266,1.2979
S5,60,fc_search,1,0,0.4667,0.6715,1,0,0,0.0,0.6715
S5,60,min_conflict,0,1,0.5667,4.7171,1,4,1,0.5973,5.3144
S5,61,utility,0,11,0.7,0.267,1,17,0,1.3029,1.57
S5,61,greedy_fc,0,5,0.6333,0.0673,1,18,3,2.353,2.4203
S5,61,fc_search,1,0,0.4667,0.2595,1,0,0,0.0,0.2595
S5,61,min_conflict,1,0,0.4667,0.5204,1,0,0,0.0,0.5204
S5,62,utility,0,14,0.8333,0.2253,1,18,0,2.7657,2.9909
S5,62,greedy_fc,0,5,0.6,0.0685,1,6,0,0.8469,0.9154
S5,62,fc_search,1,0,0.5333,0.1795,1,0,0,0.0,0.1795
S5,62,min_conflict,0,2,0.5667,4.6482,1,9,3,1.1644,5.8126
S5,63,utility,0,10,0.6667,0.2633,1,17,0,1.7408,2.0041
S5,63,greedy_fc,0,7,0.7,0.0751,1,18,2,2.1171,2.1922
S5,63,fc_search,1,0,0.4667,0.2385,1,0,0,0.0,0.2385
S5,63,min_conflict,0,1,0.5,4.4984,1,4,1,0.6159,5.1143
S5,64,utility,0,6,0.7333,0.326,1,10,0,0.856,1.182
S5,64,greedy_fc,0,4,0.7,0.0607,1,14,2,1.868,1.9286
S5,64,fc_search,0,4,0.7,50.2224,1,14,2,1.9055,52.1279
S5,64,min_conflict,1,0,0.5333,0.4655,1,0,0,0.0,0.4655
S5,65,utility,0,6,0.7667,0.2865,1,10,0,1.262,1.5485
S5,65,greedy_fc,0,5,0.6667,0.0683,1,16,1,1.1701,1.2384
S5,65,fc_search,0,5,0.6667,50.1775,1,16,1,1.1914,51.3689
S5,65,min_conflict,1,0,0.5667,0.5678,1,0,0,0.0,0.5678
S5,66,utility,0,5,0.6333,0.323,1,8,0,0.9935,1.3165
S5,66,greedy_fc,0,6,0.6333,0.0741,1,18,1,1.6553,1.7294
S5,66,fc_search,1,0,0.5333,8.7368,1,0,0,0.0,8.7368
S5,66,min_conflict,1,0,0.5,0.4964,1,0,0,0.0,0.4964
S5,67,utility,0,13,0.8667,0.1992,1,27,1,3.6793,3.8785
S5,67,greedy_fc,0,2,0.6667,0.077,1,6,1,0.8255,0.9025
S5,67,fc_search,1,0,0.5333,0.8657,1,0,0,0.0,0.8657
S5,67,min_conflict,0,2,0.6,4.2912,1,6,2,0.8422,5.1334
S5,68,utility,0,15,0.8667,0.2088,1,18,0,2.6862,2.895
S5,68,greedy_fc,0,2,0.6333,0.0678,1,3,0,0.5005,0.5683
S5,68,fc_search,1,0,0.6,0.1855,1,0,0,0.0,0.1855
S5,68,min_conflict,1,0,0.6,0.4202,1,0,0,0.0,0.4202
S5,69,utility,0,16,0.8333,0.2357,1,20,0,1.9785,2.2142
S5,69,greedy_fc,0,1,0.5,0.0852,1,2,0,0.4899,0.5751
S5,69,fc_search,1,0,0.4667,0.3057,1,0,0,0.0,0.3057
S5,69,min_conflict,1,0,0.4,0.5476,1,0,0,0.0,0.5476
S5,70,utility,0,11,0.7667,0.2056,1,17,1,2.5656,2.7712
S5,70,greedy_fc,0,8,0.7333,0.0643,1,10,0,0.8802,0.9445
S5,70,fc_search,1,0,0.5333,0.2135,1,0,0,0.0,0.2135
S5,70,min_conflict,0,1,0.6,4.4157,1,3,1,0.5285,4.9442
S5,71,utility,0,11,0.8333,0.2331,1,13,0,1.1513,1.3844
S5,71,greedy_fc,0,7,0.7,0.0751,1,19,2,2.9822,3.0573
S5,71,fc_search,1,0,0.5,0.2593,1,0,0,0.0,0.2593
S5,71,min_conflict,0,1,0.6667,4.5608,1,6,1,0.7945,5.3552
S5,72,utility,0,8,0.7333,0.2886,1,10,0,0.8432,1.1318
S5,72,greedy_fc,0,12,0.8667,0.0691,1,16,0,0.9305,0.9996
S5,72,fc_search,1,0,0.6333,0.1938,1,0,0,0.0,0.1938
S5,72,min_conflict,0,2,0.6667,4.4655,1,4,0,0.4674,4.9329
S5,73,utility,0,13,0.8,0.254,1,27,2,4.094,4.3481
S5,73,greedy_fc,0,9,0.8,0.0722,1,19,1,2.8738,2.946
S5,73,fc_search,1,0,0.5667,0.2772,1,0,0,0.0,0.2772
S5,73,min_conflict,0,2,0.6,4.5397,1,14,3,2.0893,6.629
S5,74,utility,0,18,0.8333,0.2518,1,22,0,2.3569,2.6087
S5,74,greedy_fc,0,6,0.7,0.0712,1,9,0,0.9956,1.0668
S5,74,fc_search,1,0,0.5,0.1842,1,0,0,0.0,0.1842
S5,74,min_conflict,1,0,0.5,0.5291,1,0,0,0.0,0.5291
S5,75,utility,0,19,0.8,0.1869,1,21,0,2.9493,3.1362
S5,75,greedy_fc,0,4,0.6333,0.071,1,10,3,1.1113,1.1823
S5,75,fc_search,0,4,0.6333,50.2122,1,10,3,1.1088,51.321
S5,75,min_conflict,0,1,0.4667,4.4912,1,9,3,0.9536,5.4448
S5,76,utility,0,11,0.8,0.2134,1,18,0,1.4048,1.6181
S5,76,greedy_fc,0,8,0.7333,0.0711,1,11,1,1.0507,1.1217
S5,76,fc_search,0,8,0.7333,50.2283,1,11,1,1.13,51.3583
S5,76,min_conflict,1,0,0.5,0.5979,1,0,0,0.0,0.5979
S5,77,utility,0,7,0.6333,0.267,1,12,0,1.2142,1.4812
S5,77,greedy_fc,0,11,0.7333,0.0768,1,17,3,1.6407,1.7175
S5,77,fc_search,0,11,0.7333,50.1957,1,17,3,1.6593,51.855
S5,77,min_conflict,1,0,0.5,0.4612,1,0,0,0.0,0.4612
S5,78,utility,0,10,0.6667,0.2596,1,16,0,1.368,1.6277
S5,78,greedy_fc,0,10,0.8667,0.0728,1,16,0,1.2513,1.3241
S5,78,fc_search,0,10,0.8667,50.2095,1,16,0,1.2595,51.469
S5,78,min_conflict,0,2,0.5333,4.4332,1,4,0,0.509,4.9422
S5,79,utility,0,16,0.8667,0.2376,1,18,0,2.0641,2.3017
S5,79,greedy_fc,0,4,0.6333,0.087,1,9,1,0.9199,1.0069
S5,79,fc_search,1,0,0.5333,0.2004,1,0,0,0.0,0.2004
S5,79,min_conflict,0,1,0.5333,4.5085,1,4,1,0.526,5.0345
S5,80,utility,0,15,0.7667,0.2375,1,17,0,1.736,1.9735
S5,80,greedy_fc,0,11,0.7333,0.0736,1,21,2,3.098,3.1716
S5,80,fc_search,1,0,0.5333,10.3462,1,0,0,0.0,10.3462
S5,80,min_conflict,0,2,0.5333,4.32,1,12,3,1.5767,5.8968
S5,81,utility,0,16,0.8333,0.2474,1,19,0,2.3583,2.6058
S5,81,greedy_fc,0,9,0.7333,0.0681,1,11,1,1.036,1.1041
S5,81,fc_search,1,0,0.5333,0.1842,1,0,0,0.0,0.1842
S5,81,min_conflict,0,1,0.5,4.4001,1,2,0,0.4614,4.8614
S5,82,utility,0,11,0.7667,0.3309,1,14,0,0.9034,1.2343
S5,82,greedy_fc,0,8,0.7,0.0708,1,11,1,1.0305,1.1014
S5,82,fc_search,1,0,0.5667,0.1792,1,0,0,0.0,0.1792
S5,82,min_conflict,1,0,0.5667,0.544,1,0,0,0.0,0.544
S5,83,utility,0,4,0.5667,0.2406,1,8,0,0.8919,1.1325
S5,83,greedy_fc,0,12,0.8333,0.074,1,23,4,2.2538,2.3278
S5,83,fc_search,0,12,0.8333,50.2358,1,23,4,2.7211,52.9569
S5,83,min_conflict,1,0,0.5,0.45,1,0,0,0.0,0.45
S5,84,utility,0,13,0.8333,0.258,1,18,0,2.2838,2.5418
S5,84,greedy_fc,0,5,0.6667,0.0786,1,17,3,1.9026,1.9812
S5,84,fc_search,0,5,0.6667,50.2232,1,17,3,1.9123,52.1355
S5,84,min_conflict,0,2,0.6,4.5062,1,13,4,1.4432,5.9494
S5,85,utility,0,13,0.8333,0.2203,1,16,0,2.0901,2.3103
S5,85,greedy_fc,0,7,0.8,0.0771,1,8,0,0.827,0.9041
S5,85,fc_search,0,7,0.8,50.2493,1,8,0,0.8166,51.0659
S5,85,min_conflict,1,0,0.6,0.5356,1,0,0,0.0,0.5356
S5,86,utility,0,14,0.7333,0.2589,1,16,0,1.8354,2.0943
S5,86,greedy_fc,0,3,0.6667,0.0705,1,14,2,1.4728,1.5432
S5,86,fc_search,0,3,0.6667,50.2054,1,14,2,1.7069,51.9124
S5,86,min_conflict,1,0,0.4333,0.6282,1,0,0,0.0,0.6282
S5,87,utility,0,8,0.7,0.304,1,13,0,1.8869,2.1909
S5,87,greedy_fc,0,5,0.6333,0.068,1,12,3,1.4843,1.5524
S5,87,fc_search,1,0,0.4333,0.2362,1,0,0,0.0,0.2362
S5,87,min_conflict,1,0,0.5,0.4524,1,0,0,0.0,0.4524
S5,88,utility,0,6,0.6333,0.2433,1,11,0,1.099,1.3423
S5,88,greedy_fc,0,5,0.7,0.0705,1,18,3,1.5543,1.6247
S5,88,fc_search,1,0,0.5,0.2458,1,0,0,0.0,0.2458
S5,88,min_conflict,1,0,0.4333,0.4789,1,0,0,0.0,0.4789
S5,89,utility,0,13,0.8,0.2196,1,19,0,2.0618,2.2814
S5,89,greedy_fc,0,5,0.6667,0.067,1,9,1,0.8935,0.9605
S5,89,fc_search,1,0,0.5667,0.458,1,0,0,0.0,0.458
S5,89,min_conflict,0,2,0.5333,4.5623,1,18,3,2.169,6.7313
S5,90,utility,0,6,0.5667,0.2937,1,10,0,0.9611,1.2548
S5,90,greedy_fc,0,11,0.7,0.0717,1,15,2,1.5009,1.5726
S5,90,fc_search,1,0,0.3667,26.1451,1,0,0,0.0,26.1451
S5,90,min_conflict,1,0,0.4667,0.5915,1,0,0,0.0,0.5915
S5,91,utility,0,10,0.6333,1.4017,1,13,0,1.7144,3.1161
S5,91,greedy_fc,0,12,0.7667,0.0722,1,18,0,1.2452,1.3174
S5,91,fc_search,0,12,0.7667,50.1849,1,18,0,1.1057,51.2905
S5,91,min_conflict,0,1,0.4,4.5768,1,7,2,0.935,5.5118
